,Sp,Pot_Area,Hab_Area,BAU_Area,,,,
1,Acrocomia emensis,275397.7798,35921.44954,23947.63303,0.39,,,
2,Actinocephalus cipoensis,71842.89908,11973.81651,11973.81651,0.30,,,
3,Aeschynomene laca-buendiana,59869.08257,11973.81651,0,1.00,,,
4,Agalinis brachyphylla,2011601.174,670533.7248,574743.1927,0.22,,,
5,Agalinis nana,478952.6606,203554.8807,203554.8807,0.16,,,
6,Agalinis schwackeana,1173434.018,383162.1284,347240.6789,0.22,,,
7,Alcantarea duarteana,1149486.385,371188.3119,323293.0459,0.22,,,
8,Aldama corumbensis,502900.2936,215528.6972,107764.3486,0.27,,,
9,Aldama filifolia,3568197.321,670533.7248,634612.2752,0.29,,,
10,Aldama goyazii,1891863.009,191581.0642,179607.2477,0.38,,,
11,Aldama linearifolia,730402.8073,59869.08257,23947.63303,0.50,,,
12,Aldama vernonioides,1376988.899,203554.8807,167633.4312,0.34,,,
13,Alstroemeria brasiliensis,1185407.835,263423.9633,167633.4312,0.32,,,
14,Alstroemeria orchidioides,275397.7798,83816.7156,71842.89908,0.24,,,
15,Alternanthera decurrens,71842.89908,47895.26606,47895.26606,0.08,,,
16,Alternanthera januarensis,95790.53211,71842.89908,71842.89908,0.06,,,
17,Altoparadisium chapadense,179607.2477,59869.08257,59869.08257,0.20,,,
18,Anemopaegma arvense,36280664.04,5615719.945,4083071.431,0.35,,,
19,Anemopaegma mirabile,610664.6422,227502.5138,227502.5138,0.18,,,
20,Angelonia alternifolia,83817,0,0,1.00,,,
21,Anteremanthus hatschbachii,1089617.303,455005.0275,419083.578,0.17,,,
22,Arrojadoa eriocaulis,586717.0092,251450.1468,227502.5138,0.17,,,
23,Arthrocereus melanurus_subsp._odorus,1365015.083,443031.211,407109.7615,0.21,,,
24,Arthropogon xerachne,167633.4312,11973.81651,0,1.00,,,
25,Arundinella deppeana,538821.7431,47895.26606,11973.81651,0.53,,,
26,Aspilia belo-horizontinae,47895.26606,11973.81651,11973.81651,0.24,,,
27,Aspilia cordifolia,1951732.092,610664.6422,526847.9266,0.23,,,
28,Aspilia cylindrocephala,1879889.193,215528.6972,179607.2477,0.37,,,
29,Aspilia diamantinae,706455.1743,287371.5963,263423.9633,0.18,,,
30,Aspilia diffusiflora,1269224.55,335266.8624,311319.2294,0.25,,,
31,Aspilia eglerii,694481.3578,275397.7798,251450.1468,0.18,,,
32,Aspilia espinhacensis,1161460.202,323293.0459,299345.4128,0.24,,,
33,Aspilia jugata,179607.2477,71842.89908,71842.89908,0.17,,,
34,Aspilia pereirae,2059496.44,287371.5963,215528.6972,0.36,,,
35,Aspilia prostrata,143685.7982,59869.08257,35921.44954,0.24,,,
36,Aspilia reticulata,1772124.844,598690.8257,514874.1101,0.22,,,
37,Astraea cincta,4897290.954,550795.5596,371188.3119,0.40,,,
38,Attalea barreirensis,1999627.358,239476.3303,143685.7982,0.41,,,
39,Attalea brasiliensis,898036.2385,179607.2477,143685.7982,0.31,,,
40,Axonopus hydrolithicus,1269224.55,275397.7798,275397.7798,0.26,,,
41,Baccharis concinna,1915810.642,634612.2752,538821.7431,0.22,,,
42,Baccharis elliptica,1520674.697,431057.3945,371188.3119,0.25,,,
43,Baccharis pseudoalpestris,3855568.917,1305146,1125538.752,0.22,,,
44,Banisteriopsis andersonii,2203182.239,706455.1743,598690.8257,0.23,,,
45,Banisteriopsis cipoensis,5316374.532,1269224.55,1149486.385,0.26,,,
46,Banisteriopsis hatschbachii,3568197.321,742376.6239,706455.1743,0.28,,,
47,Banisteriopsis hirsuta,1353041.266,239476.3303,227502.5138,0.30,,,
48,Barbacenia delicatula,143685.7982,35921.44954,35921.44954,0.24,,,
49,Barbacenia glutinosa,71842.89908,23947.63303,23947.63303,0.20,,,
50,Barbacenia longiscapa,191581.0642,35921.44954,35921.44954,0.28,,,
51,Barbacenia paranaensis,323293,0,0,1.00,,,
52,Barbacenia pungens,71843,0,0,1.00,,,
53,Barbacenia rodriguesii,71843,0,0,1.00,,,
54,Barbacenia spiralis,694481.3578,275397.7798,251450.1468,0.18,,,
55,Bernardia crassifolia,1903836.826,622638.4587,526847.9266,0.23,,,
56,Bromelia braunii,47895,0,0,1.00,,,
57,Bromelia macedoi,1365015.083,107764.3486,95790.53211,0.41,,,
58,Bulbostylis smithii,1496727.064,466978.844,395135.945,0.23,,,
59,Butia capitata,3316747.174,538821.7431,455005.0275,0.33,,,
60,Butia leptospatha,1951732.092,215528.6972,155659.6147,0.40,,,
61,Butia purpuens.asc,1101591.119,59869.08257,47895.26606,0.47,,,
62,Byrsonima brachybotrya,598691,0,0,1.00,,,
63,Byrsonima cipoensis,1724229.578,514874.1101,431057.3945,0.24,,,
64,Byrsonima fonsecae,1724229.578,586717.0092,502900.2936,0.22,,,
65,Byrsonima onishiana,2239103.688,598690.8257,538821.7431,0.25,,,
66,Calea abbreviata,610664.6422,143685.7982,143685.7982,0.25,,,
67,Calea brittoniana,419083.578,191581.0642,191581.0642,0.14,,,
68,Calea gentianoides,35921,0,0,1.00,,,
69,Calea heteropappa,107764.3486,23947.63303,23947.63303,0.26,,,
70,Calliandra carana.asc,239476.3303,131711.9817,131711.9817,0.11,,,
71,Camarea humifusa,526847.9266,107764.3486,107764.3486,0.27,,,
72,Camarea linearifolia,431057.3945,191581.0642,191581.0642,0.15,,,
73,Cambessedesia atropurpurea,945931.5046,179607.2477,179607.2477,0.28,,,
74,Cambessedesia weddellii,143685.7982,23947.63303,23947.63303,0.30,,,
75,Canastra lanceolata,634612.2752,203554.8807,203554.8807,0.20,,,
76,Ceradenia warmingii,11974,0,0,1.00,,,
77,Cereus mirabella,3448459.156,478952.6606,359214.4954,0.36,,,
78,Chamaecrista cipoana,1676334.312,502900.2936,419083.578,0.24,,,
79,Chamaecrista lagotois,1508700.881,478952.6606,407109.7615,0.23,,,
80,Chamaecrista stillifera,2430684.752,886062.422,790271.8899,0.20,,,
81,Chamaecrista tephrosiifolia,1125538.752,455005.0275,419083.578,0.18,,,
82,Chamaecrista ulmea,742376.6239,287371.5963,275397.7798,0.18,,,
83,Chionolaena lychnophorioides,1161460.202,371188.3119,335266.8624,0.22,,,
84,Chresta souzae,3663987.853,802245.7064,766324.2569,0.27,,,
85,Chromolaena arrayana,1269224.55,275397.7798,275397.7798,0.26,,,
86,Chromolaena costatipes,431057.3945,191581.0642,191581.0642,0.15,,,
87,Chronopappus bifrons,1161460.202,371188.3119,335266.8624,0.22,,,
88,Chrysolaena nicolackii,323293,0,0,1.00,,,
89,Cinnamomum erythropus,1556596.147,490926.4771,419083.578,0.23,,,
90,Cinnamomum quadrangulum,1796072.477,610664.6422,526847.9266,0.22,,,
91,Cipocereus bradei,921983.8716,227502.5138,167633.4312,0.29,,,
92,Cissus inundata,838167.156,227502.5138,203554.8807,0.25,,,
93,Cleistes aphylla,3723856.936,862114.789,742376.6239,0.28,,,
94,Comanthera brasiliana,11974,0,0,1.00,,,
95,Comanthera elegans,1616465.229,550795.5596,490926.4771,0.21,,,
96,Constantia cipoensis,1496727.064,466978.844,395135.945,0.23,,,
97,Croton leptobotryus,502900.2936,107764.3486,35921.44954,0.41,,,
98,Cryptanthus caracensis,1484753.248,466978.844,395135.945,0.23,,,
99,Cryptanthus glazioui,1484753.248,466978.844,395135.945,0.23,,,
100,Cryptanthus minarum,107764.3486,23947.63303,11973.81651,0.36,,,
101,Cuphea adenophylla,35921.44954,11973.81651,11973.81651,0.20,,,
102,Cuphea cipoensis,1496727.064,466978.844,395135.945,0.23,,,
103,Cuphea cuiabensis,2071470.257,622638.4587,287371.5963,0.33,,,
104,Cuphea rubro-virens,143685.7982,35921.44954,23947.63303,0.30,,,
105,Cuphea teleandra,742376.6239,287371.5963,275397.7798,0.18,,,
106,Cyanocephalus caprariifolius,1556596.147,95790.53211,71842.89908,0.46,,,
107,Cyanocephalus digitatus,4071097.615,826193.3395,778298.0734,0.28,,,
108,Cyanocephalus tagetifolius,478952.6606,143685.7982,143685.7982,0.21,,,
109,Cyrtopodium caiapoense,4023202.349,814219.5229,742376.6239,0.29,,,
110,Cyrtopodium latifolium,826193.3395,143685.7982,107764.3486,0.33,,,
111,Cyrtopodium linearifolium,3568197.321,742376.6239,706455.1743,0.28,,,
112,Cyrtopodium triste,826193.3395,143685.7982,107764.3486,0.33,,,
113,Digitaria neesiana,4454259.743,838167.156,622638.4587,0.33,,,
114,Dimerostemma grazielae,5340322.165,933957.6881,850140.9725,0.31,,,
115,Diplusodon aggregatifolius,395135.945,83816.7156,71842.89908,0.29,,,
116,Diplusodon ericoides,586717.0092,59869.08257,59869.08257,0.37,,,
117,Diplusodon glaziovii,71843,0,0,1.00,,,
118,Diplusodon gracilis,107764.3486,11973.81651,11973.81651,0.36,,,
119,Diplusodon hatschbachii,874088.6055,179607.2477,179607.2477,0.27,,,
120,Diplusodon minasensis,742376.6239,275397.7798,251450.1468,0.19,,,
121,Diplusodon orbicularis,1580543.78,562769.3761,514874.1101,0.20,,,
122,Diplusodon panniculatus,107764,0,0,1.00,,,
123,Diplusodon retroimbricatus,910010.055,71842.89908,47895.26606,0.45,,,
124,Diplusodon villosissimus,802245.7064,215528.6972,215528.6972,0.23,,,
125,Discocactus catingicola,3604118.771,874088.6055,670533.7248,0.29,,,
126,Discocactus horstii,562769.3761,227502.5138,203554.8807,0.18,,,
127,Discocactus pseudoinsignis,694481.3578,311319.2294,287371.5963,0.16,,,
128,Disynaphia praeficta,1508700.881,455005.0275,395135.945,0.24,,,
129,Ditassa auriflora,311319.2294,35921.44954,23947.63303,0.40,,,
130,Ditassa cipoensis,1676334.312,502900.2936,419083.578,0.24,,,
131,Ditassa itambensis,167633.4312,107764.3486,107764.3486,0.08,,,
132,Dyckia rariflora,1748177.211,598690.8257,514874.1101,0.22,,,
133,Echinocoryne echinocephala,4777552.789,862114.789,790271.8899,0.30,,,
134,Eduandrea selloana,1532648.514,478952.6606,407109.7615,0.23,,,
135,Encholirium biflorum,1724229.578,586717.0092,502900.2936,0.22,,,
136,Encholirium disjunctum,251450.1468,47895.26606,47895.26606,0.28,,,
137,Encholirium heloisae,1748177.211,538821.7431,431057.3945,0.24,,,
138,Encholirium luxor,1963705.908,466978.844,407109.7615,0.27,,,
139,Encholirium pedicellatum,694481.3578,275397.7798,251450.1468,0.18,,,
140,Encholirium scrutor,155659.6147,23947.63303,23947.63303,0.31,,,
141,Encholirium vogelii,1496727.064,466978.844,395135.945,0.23,,,
142,Eremanthus argenteus,3568197.321,742376.6239,706455.1743,0.28,,,
143,Eriope crassipes_subsp._cristalinae,754350.4404,71842.89908,59869.08257,0.40,,,
144,Eriope machrisae,3663987.853,766324.2569,730402.8073,0.28,,,
145,Esenbeckia irwiniana,1436857.982,562769.3761,526847.9266,0.18,,,
146,Esterhazya caesarea,1592517.596,550795.5596,478952.6606,0.21,,,
147,Eugenia blanda,658559.9083,215528.6972,203554.8807,0.21,,,
148,Euplassa incana,2107391.706,766324.2569,706455.1743,0.20,,,
149,Evolvulus glaziovii,1065669.67,431057.3945,395135.945,0.18,,,
150,Evolvulus kramerioides,1305146,167633.4312,131711.9817,0.37,,,
151,Evolvulus rariflorus,6429939.468,1233303.101,1137512.569,0.29,,,
152,Evolvulus riedelii,1736203.395,107764.3486,23947.63303,0.58,,,
153,Fridericia crassa,969879.1376,443031.211,407109.7615,0.16,,,
154,Froelichiella grisea,167633.4312,59869.08257,59869.08257,0.19,,,
155,Galianthe souzae,107764,0,0,1.00,,,
156,Gaylussacia centunculifolia,371188.3119,119738.1651,107764.3486,0.22,,,
157,Gaylussacia oleifolia,1915810.642,526847.9266,443031.211,0.25,,,
158,Gochnatia rotundifolia,455005.0275,11973.81651,0,1.00,,,
159,Gomphrena paranensis,179607,0,0,1.00,,,
160,Gomphrena regeliana,455005.0275,35921.44954,0,1.00,,,
161,Gouania inornata,1820020.11,203554.8807,143685.7982,0.40,,,
162,Goyazia petraea,1843967.743,395135.945,311319.2294,0.30,,,
163,Griffinia aracensis,119738.1651,35921.44954,11973.81651,0.37,,,
164,Griffinia nocturna,335266.8624,95790.53211,95790.53211,0.22,,,
165,Grobya cipoensis,1496727.064,466978.844,395135.945,0.23,,,
166,Gymnopogon doellii,826193.3395,143685.7982,107764.3486,0.33,,,
167,Habranthus irwinianus,1532648.514,478952.6606,407109.7615,0.23,,,
168,Hadrolaelia brevipedunculata,1676334.312,502900.2936,419083.578,0.24,,,
169,Hadrolaelia jongheana,969879.1376,347240.6789,311319.2294,0.20,,,
170,Hemipogon abietoides,95790.53211,47895.26606,47895.26606,0.13,,,
171,Hemipogon furlanii,3077270.844,838167.156,718428.9908,0.25,,,
172,Hemipogon hatschbachii,1496727.064,466978.844,395135.945,0.23,,,
173,Hemipogon piranii,1532648.514,478952.6606,407109.7615,0.23,,,
174,Heterocoma albida,1161460.202,371188.3119,335266.8624,0.22,,,
175,Heterocondylus lysimachioides,586717.0092,35921.44954,23947.63303,0.47,,,
176,Heteropterys aliciae,1436857.982,203554.8807,203554.8807,0.32,,,
177,Heteropterys dusenii,251450,0,0,1.00,,,
178,Heteropterys hatschbachii,586717.0092,131711.9817,83816.7156,0.32,,,
179,Heteropterys marginata,1053695.853,179607.2477,131711.9817,0.34,,,
180,Hippeastrum goianum,1736203.395,167633.4312,119738.1651,0.41,,,
181,Hippeastrum leucobasis,1376988.899,287371.5963,263423.9633,0.28,,,
182,Hoffmannseggella briegeri,993826.7706,347240.6789,323293.0459,0.20,,,
183,Hoffmannseggella caulescens,1508700.881,478952.6606,407109.7615,0.23,,,
184,Hoffmannseggella ghillanyi,1508700.881,478952.6606,407109.7615,0.23,,,
185,Huberia pirani,1149486.385,371188.3119,323293.0459,0.22,,,
186,Hypenia aristulata,191581.0642,35921.44954,35921.44954,0.28,,,
187,Hypenia crispata,191581.0642,11973.81651,11973.81651,0.43,,,
188,Hypenia micrantha,95790.53211,35921.44954,35921.44954,0.18,,,
189,Hypenia subrosea,4071097.615,826193.3395,778298.0734,0.28,,,
190,Hyptidendron claussenii,694481.3578,275397.7798,251450.1468,0.18,,,
191,Hyptidendron conspersum,1927784.459,191581.0642,71842.89908,0.48,,,
192,Hyptis alpestris,754350.4404,215528.6972,203554.8807,0.23,,,
193,Hyptis angustifolia,143685.7982,23947.63303,23947.63303,0.30,,,
194,Hyptis arenaria,910010.055,167633.4312,155659.6147,0.30,,,
195,Hyptis colligata,562769.3761,179607.2477,179607.2477,0.20,,,
196,Hyptis cruciformis,4071097.615,826193.3395,778298.0734,0.28,,,
197,Hyptis frondosa,2382789.486,478952.6606,407109.7615,0.30,,,
198,Hyptis hamatidens,263423.9633,35921.44954,23947.63303,0.38,,,
199,Hyptis imbricatiformis,4071097.615,826193.3395,778298.0734,0.28,,,
200,Hyptis pachyphylla,1544622.33,251450.1468,239476.3303,0.31,,,
201,Hyptis penaeoides,3568197.321,742376.6239,706455.1743,0.28,,,
202,Ichthyothere elliptica,2059496.44,155659.6147,131711.9817,0.42,,,
203,Ilex prostrata,1520674.697,478952.6606,407109.7615,0.23,,,
204,Ipomoea macedoi,347240.6789,11973.81651,11973.81651,0.49,,,
205,Jacaranda intricata,1652386.679,107764.3486,59869.08257,0.48,,,
206,Janusia linearifolia,1089617.303,191581.0642,119738.1651,0.36,,,
207,Klotzschia rhizophylla,1939758.275,634612.2752,538821.7431,0.23,,,
208,Lafoensia nummularifolia,826193.3395,23947.63303,11973.81651,0.57,,,
209,Lagenocarpus bracteosus,1520674.697,478952.6606,407109.7615,0.23,,,
210,Lapanthus duartei,1724229.578,586717.0092,502900.2936,0.22,,,
211,Lavoisiera cordata,1903836.826,622638.4587,526847.9266,0.23,,,
212,Leiothrix echinocephala,1353041.266,323293.0459,263423.9633,0.28,,,
213,Lepidaploa spixiana,1496727.064,466978.844,395135.945,0.23,,,
214,Lessingianthus asteriflorus,754350.4404,23947.63303,11973.81651,0.56,,,
215,Lessingianthus eitenii,3316747.174,371188.3119,263423.9633,0.40,,,
216,Lessingianthus pumillus,826193.3395,59869.08257,11973.81651,0.57,,,
217,Lessingianthus rosmarinifolius,1496727.064,466978.844,395135.945,0.23,,,
218,Lessingianthus souzae,3568197.321,742376.6239,706455.1743,0.28,,,
219,Lessingianthus stoechas,6549677.633,1460805.615,1305146,0.28,,,
220,Lessingianthus venosissimus,3508328.239,502900.2936,395135.945,0.35,,,
221,Lessingianthus westermanii,131712,0,0,1.00,,,
222,Lessingianthus zuccarinianus,1628439.046,179607.2477,143685.7982,0.38,,,
223,Leucochloron foederale,2059496.44,287371.5963,215528.6972,0.36,,,
224,Lippia rhodocnemis,730402.8073,287371.5963,263423.9633,0.18,,,
225,Lithobium cordatum,1077643.486,395135.945,359214.4954,0.20,,,
226,Lomatozona artemisiifolia,550795.5596,59869.08257,23947.63303,0.47,,,
227,Lupinus decurrens,622638.4587,251450.1468,239476.3303,0.17,,,
228,Luxemburgia angustifolia,1724229.578,586717.0092,502900.2936,0.22,,,
229,Lychnophora gardneri,1029748.22,323293.0459,287371.5963,0.23,,,
230,Lychnophora humillima,227502.5138,107764.3486,107764.3486,0.14,,,
231,Lychnophora martiana,1580543.78,407109.7615,323293.0459,0.27,,,
232,Lychnophora mello-barretoi,1353041.266,431057.3945,395135.945,0.22,,,
233,Lychnophora ramosissima,1161460.202,371188.3119,335266.8624,0.22,,,
234,Lychnophora reticulata,47895.26606,11973.81651,11973.81651,0.24,,,
235,Lychnophora sellowii,2502527.651,730402.8073,610664.6422,0.25,,,
236,Lychnophora souzae,694481.3578,275397.7798,251450.1468,0.18,,,
237,Lychnophora syncephala,119738.1651,59869.08257,47895.26606,0.17,,,
238,Lychnophora villosissima,1233303.101,419083.578,359214.4954,0.22,,,
239,Lychnophoriopsis damazioi,1496727.064,466978.844,395135.945,0.23,,,
240,Lychnophoriopsis hatschbachii,1029748.22,323293.0459,287371.5963,0.23,,,
241,Manihot procumbens,1173434.018,47895.26606,0,1.00,,,
242,Marcetia hatschbachii,1089617.303,455005.0275,419083.578,0.17,,,
243,Marcetia semiriana,1580543.78,478952.6606,407109.7615,0.24,,,
244,Maytenus rupestris,1532648.514,490926.4771,419083.578,0.23,,,
245,Merremia repens,1173434.018,383162.1284,347240.6789,0.22,,,
246,Miconia angelana,466978.844,191581.0642,191581.0642,0.16,,,
247,Miconia cipoensis,1676334.312,502900.2936,419083.578,0.24,,,
248,Micranthocereus albicephalus,263423.9633,95790.53211,47895.26606,0.29,,,
249,Micranthocereus auriazureus,694481.3578,311319.2294,287371.5963,0.16,,,
250,Micranthocereus violaciflorus,574743.1927,227502.5138,203554.8807,0.19,,,
251,Microlicia canastrensis,1484753.248,251450.1468,239476.3303,0.31,,,
252,Microlicia flava,431057.3945,191581.0642,191581.0642,0.15,,,
253,Microlicia glazioviana,1484753.248,466978.844,395135.945,0.23,,,
254,Microlicia humilis,395135.945,23947.63303,0,1.00,,,
255,Microlicia macedoi,6334148.936,1101591.119,957905.3211,0.31,,,
256,Microlicia obtusifolia,1724229.578,586717.0092,502900.2936,0.22,,,
257,Microlicia psammophila,3568197.321,742376.6239,706455.1743,0.28,,,
258,Microtea papilosa,47895.26606,23947.63303,23947.63303,0.13,,,
259,Mikania cipoensis,2442658.569,718428.9908,598690.8257,0.25,,,
260,Mikania glauca,2215156.055,598690.8257,490926.4771,0.26,,,
261,Mikania itambana,1915810.642,598690.8257,502900.2936,0.23,,,
262,Mikania premnifolia,3077270.844,826193.3395,646586.0917,0.27,,,
263,Mimosa acroconica,119738.1651,11973.81651,0,1.00,,,
264,Mimosa adamantina,706455.1743,275397.7798,251450.1468,0.19,,,
265,Mimosa barretoi,1760151.028,514874.1101,431057.3945,0.25,,,
266,Mimosa bombycina,3388590.073,766324.2569,610664.6422,0.29,,,
267,Mimosa chrysastra,107764.3486,83816.7156,83816.7156,0.05,,,
268,Mimosa heringeri,1197381.651,287371.5963,251450.1468,0.27,,,
269,Mimosa leprosa,1796072.477,622638.4587,538821.7431,0.21,,,
270,Mimosa lithoreas,455005.0275,11973.81651,11973.81651,0.52,,,
271,Mimosa macedoana,2059496.44,634612.2752,550795.5596,0.23,,,
272,Mimosa montis-carasae,694481.3578,275397.7798,251450.1468,0.18,,,
273,Mimosa paucifolia,1963705.908,407109.7615,347240.6789,0.29,,,
274,Mimosa suburbana,155659.6147,23947.63303,11973.81651,0.40,,,
275,Mimosa uniceps,706455.1743,275397.7798,251450.1468,0.19,,,
276,Minaria bifurcata,778298.0734,191581.0642,167633.4312,0.26,,,
277,Minaria diamantinensis,778298.0734,191581.0642,167633.4312,0.26,,,
278,Minaria grazielae,1029748.22,323293.0459,287371.5963,0.23,,,
279,Minaria hemipogonoides,1173434.018,383162.1284,347240.6789,0.22,,,
280,Minaria inconspicua,874088.6055,323293.0459,311319.2294,0.19,,,
281,Minaria magisteriana,215528.6972,83816.7156,71842.89908,0.20,,,
282,Minaria polygaloides,1209355.468,407109.7615,371188.3119,0.21,,,
283,Minaria refractifolia,1113564.936,347240.6789,311319.2294,0.23,,,
284,Minaria semirii,1353041.266,431057.3945,395135.945,0.22,,,
285,Minasia alpestris,1149486.385,371188.3119,323293.0459,0.22,,,
286,Minasia pereirae,1532648.514,371188.3119,335266.8624,0.26,,,
287,Mitracarpus eritrichoides,658559.9083,71842.89908,23947.63303,0.48,,,
288,Moquiniastrum hatschbachii,1903836.826,622638.4587,526847.9266,0.23,,,
289,Ocellochloa brachystachya,107764.3486,11973.81651,11973.81651,0.36,,,
290,Oocephalus piranii,215528.6972,143685.7982,143685.7982,0.08,,,
291,Orthophytum humile,742376.6239,287371.5963,275397.7798,0.18,,,
292,Ossaea warmingiana,1508700.881,203554.8807,131711.9817,0.39,,,
293,Ouratea hatschbachii,742376.6239,287371.5963,275397.7798,0.18,,,
294,Oxalis diamantinae,694481.3578,275397.7798,251450.1468,0.18,,,
295,Oxypetalum ekblomii,1209355.468,287371.5963,263423.9633,0.26,,,
296,Paepalanthus ater,143685.7982,59869.08257,59869.08257,0.16,,,
297,Pavonia grazielae,1089617.303,455005.0275,419083.578,0.17,,,
298,Pecluma hoehnii,766324.2569,83816.7156,47895.26606,0.43,,,
299,Peixotoa andersonii,107764.3486,35921.44954,35921.44954,0.20,,,
300,Peixotoa bahiana,2801873.064,419083.578,191581.0642,0.42,,,
301,Peixotoa barnebyi,1197381.651,335266.8624,311319.2294,0.24,,,
302,Peixotoa cipoana,1616465.229,502900.2936,431057.3945,0.23,,,
303,Peixotoa psilophylla,1005800.587,287371.5963,227502.5138,0.26,,,
304,Pellaea cymbiformis,119738,0,0,1.00,,,
305,Pellaea gleichenioides,1017774.404,347240.6789,311319.2294,0.21,,,
306,Persea pedunculosa,143685.7982,35921.44954,35921.44954,0.24,,,
307,Pfaffia argyrea,215528.6972,143685.7982,143685.7982,0.08,,,
308,Pfaffia minarum,598690.8257,119738.1651,95790.53211,0.31,,,
309,Phragmipedium vittatum,2418710.936,634612.2752,574743.1927,0.25,,,
310,Pilosocereus aurisetus_subsp._aurilanatus,179607.2477,59869.08257,35921.44954,0.28,,,
311,Piptolepis buxoides,1496727.064,466978.844,395135.945,0.23,,,
312,Piptolepis imbricata,71842.89908,47895.26606,47895.26606,0.08,,,
313,Piptolepis leptospermoides,622638.4587,251450.1468,239476.3303,0.17,,,
314,Pitcairnia bradei,742376.6239,287371.5963,275397.7798,0.18,,,
315,Podocarpus barretoi,502900.2936,107764.3486,107764.3486,0.27,,,
316,Podocarpus brasiliensis,1412910.349,335266.8624,299345.4128,0.27,,,
317,Polygala franchetii,921983.8716,143685.7982,107764.3486,0.35,,,
318,Pombalia strigoides,1281198.367,299345.4128,299345.4128,0.25,,,
319,Pseudolaelia cipoensis,1508700.881,478952.6606,407109.7615,0.23,,,
320,Pseudolycopodiella benjaminiana,4047149.982,730402.8073,538821.7431,0.33,,,
321,Pseudotrimezia brevistamina,1496727.064,466978.844,395135.945,0.23,,,
322,Pseudotrimezia concava,658559.9083,215528.6972,203554.8807,0.21,,,
323,Pseudotrimezia gracilis,1508700.881,478952.6606,407109.7615,0.23,,,
324,Pseudotrimezia synandra,838167.156,275397.7798,251450.1468,0.21,,,
325,Pseudotrimezia tenuissima,1353041.266,490926.4771,455005.0275,0.20,,,
326,Richterago angustifolia,2825820.697,874088.6055,742376.6239,0.23,,,
327,Richterago arenaria,2442658.569,718428.9908,598690.8257,0.25,,,
328,Richterago lanata,1508700.881,478952.6606,407109.7615,0.23,,,
329,Richterago riparia,1951732.092,526847.9266,419083.578,0.26,,,
330,Richterago stenophylla,1520674.697,478952.6606,407109.7615,0.23,,,
331,Schefflera gardneri,634612.2752,59869.08257,35921.44954,0.44,,,
332,Schefflera glaziovii,1628439.046,490926.4771,419083.578,0.24,,,
333,Schinopsis balansae,1520674.697,694481.3578,610664.6422,0.17,,,
334,Scuticaria irwiniana,1484753.248,466978.844,395135.945,0.23,,,
335,Scuticaria itirapinensis,131711.9817,11973.81651,0,1.00,,,
336,Senaea coerulea,694481.3578,275397.7798,251450.1468,0.18,,,
337,Simaba salubris,1221329.284,155659.6147,131711.9817,0.36,,,
338,Simaba suaveolens,59869.08257,23947.63303,0,1.00,,,
339,Simaba warmingiana,957905.3211,119738.1651,95790.53211,0.37,,,
340,Sinningia araneosa,227502.5138,59869.08257,0,1.00,,,
341,Sphaerorrhiza burchellii,251450.1468,11973.81651,11973.81651,0.46,,,
342,Spigelia aceifolia,2442658.569,718428.9908,598690.8257,0.25,,,
343,Spigelia cipoensis,155659.6147,71842.89908,71842.89908,0.14,,,
344,Sporobolus apiculatus,4466233.56,550795.5596,359214.4954,0.40,,,
345,Staurogyne elegans,1520674.697,478952.6606,407109.7615,0.23,,,
346,Stenandrium hatschbachii,826193.3395,287371.5963,275397.7798,0.20,,,
347,Stenandrium stenophyllum,215528.6972,131711.9817,131711.9817,0.09,,,
348,Stevia hilarii,431057.3945,191581.0642,191581.0642,0.15,,,
349,Stevia leptophylla,478953,0,0,1.00,,,
350,Stigmaphyllon harleyi,59869.08257,11973.81651,11973.81651,0.28,,,
351,Strophopappus ferrugineus,3053323.211,490926.4771,407109.7615,0.33,,,
352,Svitramia integerrima,287371.5963,95790.53211,95790.53211,0.20,,,
353,Svitramia minor,466978.844,191581.0642,191581.0642,0.16,,,
354,Svitramia wurdackiana,538821.7431,203554.8807,203554.8807,0.18,,,
355,Syagrus glaucescens,850140.9725,323293.0459,275397.7798,0.20,,,
356,Syagrus mendanhensis,706455.1743,287371.5963,263423.9633,0.18,,,
357,Symphyopappus uncinatus,838167.156,275397.7798,251450.1468,0.21,,,
358,Talisia subalbens,3604118.771,634612.2752,466978.844,0.34,,,
359,Thryallis laburnum,1065669.67,383162.1284,263423.9633,0.24,,,
360,Thryallis parviflora,1604491.413,203554.8807,143685.7982,0.38,,,
361,Tibouchina bergiana,466978.844,191581.0642,191581.0642,0.16,,,
362,Trembleya calycina,1484753.248,466978.844,395135.945,0.23,,,
363,Trembleya chamissoana,1269224.55,419083.578,383162.1284,0.21,,,
364,Trembleya pityoides,1161460.202,371188.3119,335266.8624,0.22,,,
365,Trimezia exillima,945931.5046,299345.4128,263423.9633,0.23,,,
366,Trimezia fistulosa,1209355.468,407109.7615,371188.3119,0.21,,,
367,Trimezia fistulosa_var._longifolia,1508700.881,478952.6606,407109.7615,0.23,,,
368,Triraphis devia,3568197.321,742376.6239,706455.1743,0.28,,,
369,Uebelmannia buiningii,215528.6972,71842.89908,71842.89908,0.20,,,
370,Uebelmannia gummifera,227502.5138,71842.89908,71842.89908,0.21,,,
371,Vellozia alata,1556596.147,478952.6606,407109.7615,0.24,,,
372,Vellozia armata,107764.3486,35921.44954,35921.44954,0.20,,,
373,Vellozia barbata,143685.7982,11973.81651,11973.81651,0.39,,,
374,Vellozia gigantea,287371.5963,107764.3486,95790.53211,0.20,,,
375,Vellozia glabra,2023574.991,610664.6422,526847.9266,0.24,,,
376,Vellozia hatschbachii,945931.5046,335266.8624,299345.4128,0.21,,,
377,Vellozia lilacina,1508700.881,478952.6606,407109.7615,0.23,,,
378,Vellozia metzgerae,1748177.211,514874.1101,431057.3945,0.24,,,
379,Vellozia nuda,203554.8807,47895.26606,35921.44954,0.29,,,
380,Vellozia patens,1724229.578,514874.1101,431057.3945,0.24,,,
381,Vellozia sessilis,1257250.734,323293.0459,323293.0459,0.24,,,
382,Vellozia streptophylla,95790.53211,23947.63303,23947.63303,0.24,,,
383,Vochysia pygmaea,2059496.44,658559.9083,574743.1927,0.23,,,
384,Vriesea diamantinensis,239476.3303,71842.89908,71842.89908,0.21,,,
385,Vriesea saxicola,466978.844,47895.26606,47895.26606,0.37,,,
386,Wedelia macedoi,251450.1468,23947.63303,11973.81651,0.46,,,
387,Wunderlichia senae,933957.6881,335266.8624,311319.2294,0.20,,,
388,Xyris aurea,1724229.578,586717.0092,502900.2936,0.22,,,
389,Xyris blepharophylla,1748177.211,598690.8257,514874.1101,0.22,,,
390,Xyris cipoensis,1532648.514,478952.6606,407109.7615,0.23,,,
391,Xyris coutensis,167633.4312,95790.53211,95790.53211,0.11,,,
392,Xyris dardanoi,1508700.881,478952.6606,407109.7615,0.23,,,
393,Xyris nigricans,155659.6147,71842.89908,71842.89908,0.14,,,
394,Xyris obtusiuscula,1520674.697,478952.6606,407109.7615,0.23,,,
395,Xyris platystachya,850140.9725,347240.6789,323293.0459,0.18,,,
396,Xyris tortilis,1496727.064,466978.844,395135.945,0.23,,,
397,Xyris uninervis,215529,0,0,1.00,,,