"","Sp","Pot_Area","Hab_Area","BAU_Area","Hab_perc","BAU_perc","Ext_015","Ext_025","Ext_035"
"1","Acrocomia emensis",273612.994070596,83273.5199345292,107065.954201538,0.304347826086957,0.391304347826087,0.131285238987326,0.209087083067153,0.279921016373638
"2","Actinocephalus cipoensis",71377.3028010251,23792.4342670083,71377.3028010251,0.333333333333333,1,0,0,0
"3","Aeschynomene laca-buendiana",59481.0856675209,23792.4342670083,59481.0856675209,0.4,1,0,0,0
"4","Agalinis brachyphylla",1998564.4784287,1320480.10181896,1891498.52422716,0.660714285714286,0.946428571428571,0.00822495501086173,0.013670640640756,0.0190864248407548
"5","Agalinis nana",475848.685340167,249820.559803588,416367.599672646,0.525,0.875,0.0198304468788473,0.0328317898661653,0.0456606780787604
"6","Agalinis schwackeana",1165829.27908341,844631.416478796,1130140.6276829,0.724489795918367,0.969387755102041,0.00465273041878589,0.00774251785960955,0.0108227138877461
"7","Alcantarea duarteana",1142036.8448164,773254.113677771,1106348.19341589,0.677083333333333,0.96875,0.00475098295367515,0.00790575838205954,0.0110505336920484
"8","Aldama corumbensis",499641.119607175,285509.2112041,237924.342670083,0.571428571428572,0.476190476190476,0.105321284016383,0.169298152558721,0.228700150105068
"9","Aldama filifolia",3545072.70578424,2545790.46656989,3176289.97464561,0.718120805369127,0.895973154362416,0.0163417254580288,0.0270875760125149,0.0377160348801439
"10","Aldama goyazii",1879602.30709366,571018.4224082,737565.462277259,0.30379746835443,0.392405063291139,0.13091913012191,0.208531471261987,0.279212724967026
"11","Aldama linearifolia",725669.245143755,107065.954201538,107065.954201538,0.147540983606557,0.147540983606557,0.249523839341634,0.380233398932559,0.488177426633084
"12","Aldama vernonioides",1368064.97035298,654291.94234273,1058763.32488187,0.478260869565217,0.773913043478261,0.0377147588502117,0.0620643536739217,0.0857978081447253
"13","Alstroemeria brasiliensis",1177725.49621691,487744.902473671,594810.856675209,0.414141414141414,0.505050505050505,0.0973898322590917,0.15698810535159,0.212651175537503
"14","Alstroemeria orchidioides",273612.994070596,107065.954201538,214131.908403075,0.391304347826087,0.782608695652174,0.0361006212456233,0.0594407318359024,0.0822156789097672
"15","Alternanthera decurrens",71377.3028010251,47584.8685340167,47584.8685340167,0.666666666666667,0.666666666666667,0.0590071768097505,0.0963979963901552,0.132303073088744
"16","Alternanthera januarensis",95169.7370680334,83273.5199345292,83273.5199345292,0.875,0.875,0.0198304468788473,0.0328317898661653,0.0456606780787604
"17","Altoparadisium chapadense",178443.257002563,178443.257002563,178443.257002563,1,1,0,0,0
"18","Anemopaegma arvense",36045537.9145176,13680649.7035298,19474107.4475463,0.37953795379538,0.54026402640264,0.0882182239344314,0.142663107002989,0.193856943198094
"19","Anemopaegma mirabile",606707.073808713,535329.771007688,571018.4224082,0.882352941176471,0.941176470588235,0.0090524706935956,0.0150418789890954,0.0209950865669291
"20","Angelonia alternifolia",83273.5199345292,83273.5199345292,83273.5199345292,1,1,0,0,0
"21","Anteremanthus hatschbachii",1082555.75914888,606707.073808713,963593.587813838,0.56043956043956,0.89010989010989,0.0173099833586762,0.0286831860563072,0.0399247605320056
"22","Arrojadoa eriocaulis",582914.639541705,321197.862604613,535329.771007688,0.551020408163265,0.918367346938776,0.0126924341788679,0.0210644313848282,0.0293654372000171
"23","Arthrocereus melanurus_subsp._odorus",1356168.75321948,975489.804947342,1308583.88468546,0.719298245614035,0.964912280701754,0.00534338544724977,0.00888977088443743,0.0124235119079801
"24","Arthropogon xerachne",166547.039869058,47584.8685340167,118962.171335042,0.285714285714286,0.714285714285714,0.0492183426538935,0.0806772847750815,0.111095330669741
"25","Arundinella deppeana",535329.771007688,142754.60560205,249820.559803588,0.266666666666667,0.466666666666667,0.108028419920425,0.17348318162062,0.234134734423904
"26","Aspilia belo-horizontinae",47584.8685340167,11896.2171335042,23792.4342670083,0.25,0.5,0.0987495373891698,0.159103584746285,0.215415902103249
"27","Aspilia cordifolia",1939083.39276118,1213414.14761743,1879602.30709366,0.625766871165644,0.969325153374233,0.00466237240705403,0.00775853790340242,0.0108450722549864
"28","Aspilia cylindrocephala",1867706.08996016,832735.199345292,1142036.8448164,0.445859872611465,0.611464968152866,0.0711282878192938,0.115713703068237,0.15815903887795
"29","Aspilia diamantinae",701876.810876746,523433.553874184,678084.376609738,0.745762711864407,0.966101694915254,0.00515956986757971,0.00858448508537946,0.0119976094230602
"30","Aspilia diffusiflora",1260999.01615144,820838.982211788,1225310.36475093,0.650943396226415,0.971698113207547,0.0042972561400203,0.00715182954436777,0.0099982191916943
"31","Aspilia eglerii",689980.593743242,511537.33674068,666188.159476234,0.741379310344828,0.96551724137931,0.00524986898802571,0.00873446096364527,0.0122068464756936
"32","Aspilia espinhacensis",1153933.06194991,630499.508075721,987386.022080846,0.54639175257732,0.855670103092783,0.0231093481876176,0.038218122582427,0.053093221833258
"33","Aspilia jugata",178443.257002563,154650.822735554,178443.257002563,0.866666666666667,1,0,0,0
"34","Aspilia pereirae",2046149.34696272,642395.725209225,666188.159476234,0.313953488372093,0.325581395348837,0.15491783351772,0.244621020839568,0.32480245733665
"35","Aspilia prostrata",142754.60560205,95169.7370680334,118962.171335042,0.666666666666667,0.833333333333333,0.026977656474902,0.0445572077956332,0.0618191501460312
"36","Aspilia reticulata",1760640.13575862,1165829.27908341,1677366.61582409,0.662162162162162,0.952702702702703,0.00724151049892297,0.0120400276260135,0.0168153510288876
"37","Astraea cincta",4865552.80760321,1213414.14761743,1986668.2612952,0.249388753056235,0.408312958435208,0.125723158806189,0.20062918012677,0.269117426475275
"38","Attalea barreirensis",1986668.2612952,1225310.36475093,1558404.44448905,0.616766467065868,0.784431137724551,0.0357642625873427,0.0588936449057634,0.0814682165013758
"39","Attalea brasiliensis",892216.285012813,333094.079738117,380678.948272134,0.373333333333333,0.426666666666667,0.119937922699093,0.191793798129351,0.257782738752368
"40","Axonopus hydrolithicus",1260999.01615144,737565.462277259,1011178.45634785,0.584905660377359,0.80188679245283,0.0325757731468235,0.0537012528412152,0.0743654189981428
"41","Baccharis concinna",1903394.74136067,1296687.66755195,1820121.22142614,0.68125,0.95625,0.00668791972521077,0.0111216653296538,0.0155356204770235
"42","Baccharis elliptica",1510819.57595503,951697.370680334,1439442.27315401,0.62992125984252,0.952755905511811,0.00723319474311424,0.0120262349850958,0.0167961346117389
"43","Baccharis pseudoalpestris",3830581.91698834,2260281.25536579,3188186.19177912,0.590062111801242,0.832298136645963,0.0271590607813949,0.0448540674841579,0.062227219657996
"44","Banisteriopsis andersonii",2188903.95256477,1427546.0560205,2105630.43263024,0.652173913043478,0.961956521739131,0.00580101252627752,0.0096496467222108,0.0134833825071009
"45","Banisteriopsis cipoensis",5281920.40727585,3878166.78552236,4936930.11040423,0.734234234234234,0.934684684684685,0.0100807514784472,0.0167447325978117,0.0233638528414779
"46","Banisteriopsis hatschbachii",3545072.70578424,2712337.50643895,3283355.92884715,0.765100671140939,0.926174496644295,0.0114379763484224,0.0189905193546527,0.0264853614736386
"47","Banisteriopsis hirsuta",1344272.53608597,892216.285012813,1177725.49621691,0.663716814159292,0.876106194690266,0.0196446738086419,0.0325262557228184,0.0452385774226842
"48","Barbacenia delicatula",142754.60560205,107065.954201538,130858.388468546,0.75,0.916666666666667,0.0129669023738636,0.021517957366443,0.0299949312145685
"49","Barbacenia glutinosa",71377.3028010251,71377.3028010251,71377.3028010251,1,1,0,0,0
"50","Barbacenia longiscapa",190339.474136067,166547.039869058,190339.474136067,0.875,1,0,0,0
"51","Barbacenia paranaensis",321197.862604613,0,190339.474136067,0,0.592592592592593,0.0754861263031923,0.122617324698338,0.167345801051813
"52","Barbacenia pungens",71377.3028010251,71377.3028010251,71377.3028010251,1,1,0,0,0
"53","Barbacenia rodriguesii",71377.3028010251,59481.0856675209,71377.3028010251,0.833333333333333,1,0,0,0
"54","Barbacenia spiralis",689980.593743242,511537.33674068,666188.159476234,0.741379310344828,0.96551724137931,0.00524986898802571,0.00873446096364527,0.0122068464756936
"55","Bernardia crassifolia",1891498.52422716,1284791.45041845,1808225.00429263,0.679245283018868,0.955974842767296,0.00673079822460898,0.011192809484308,0.0156347762843118
"56","Bromelia braunii",47584.8685340167,47584.8685340167,47584.8685340167,1,1,0,0,0
"57","Bromelia macedoi",1356168.75321948,416367.599672646,463952.468206663,0.307017543859649,0.342105263157895,0.148618981539953,0.235213982956277,0.313001301199377
"58","Bulbostylis smithii",1487027.14168802,1011178.45634785,1451338.49028751,0.68,0.976,0.00363727292423399,0.00605476870288391,0.00846639886083078
"59","Butia capitata",3295252.14598066,1498923.35882153,1915290.95849417,0.454873646209386,0.581227436823105,0.0781677110709013,0.126854687671695,0.172970240252096
"60","Butia leptospatha",1939083.39276118,392575.165405638,1070659.54201538,0.202453987730061,0.552147239263804,0.0852377463739243,0.137987177051812,0.187694831108712
"61","Butia purpuens.asc",1094451.97628238,178443.257002563,166547.039869058,0.16304347826087,0.152173913043478,0.246035268385362,0.375424345012754,0.482608758147947
"62","Byrsonima brachybotrya",594810.856675209,95169.7370680334,333094.079738117,0.16,0.56,0.0832979468404496,0.134938454585578,0.183669901495745
"63","Byrsonima cipoensis",1713055.2672246,1165829.27908341,1653574.18155708,0.680555555555555,0.965277777777778,0.00528687996274402,0.00879592907785487,0.0122925993216668
"64","Byrsonima fonsecae",1713055.2672246,1153933.06194991,1653574.18155708,0.673611111111111,0.965277777777778,0.00528687996274402,0.00879592907785487,0.0122925993216668
"65","Byrsonima onishiana",2224592.60396528,1308583.88468546,1594093.09588956,0.588235294117647,0.716577540106952,0.0487613699658048,0.0799407457558126,0.110098134586965
"66","Calea abbreviata",606707.073808713,511537.33674068,582914.639541705,0.843137254901961,0.96078431372549,0.00598283135102373,0.00995148663330292,0.0139042968927332
"67","Calea brittoniana",416367.599672646,226028.125536579,356886.514005125,0.542857142857143,0.857142857142857,0.0228573231920011,0.0378045418042385,0.0525231148465455
"68","Calea gentianoides",35688.6514005125,0,35688.6514005125,0,1,0,0,0
"69","Calea heteropappa",107065.954201538,71377.3028010251,95169.7370680334,0.666666666666667,0.888888888888889,0.0175123009308117,0.0290164565853531,0.0403859076553494
"70","Calliandra carana.asc",237924.342670083,166547.039869058,190339.474136067,0.7,0.8,0.0329175589317003,0.0542583909968242,0.0751282899812804
"71","Camarea humifusa",523433.553874184,416367.599672646,487744.902473671,0.795454545454545,0.931818181818182,0.0105367306888325,0.0174994660747391,0.0244132055195554
"72","Camarea linearifolia",428263.81680615,237924.342670083,380678.948272134,0.555555555555555,0.888888888888889,0.0175123009308117,0.0290164565853531,0.0403859076553494
"73","Cambessedesia atropurpurea",939801.15354683,701876.810876746,880320.067879309,0.746835443037975,0.936708860759494,0.00975947804271671,0.0162128239410778,0.0226241137203846
"74","Cambessedesia weddellii",142754.60560205,23792.4342670083,118962.171335042,0.166666666666667,0.833333333333333,0.026977656474902,0.0445572077956332,0.0618191501460312
"75","Canastra lanceolata",630499.508075721,261716.776937092,535329.771007688,0.415094339622642,0.849056603773585,0.0242456487754937,0.040081943470732,0.0556612183234663
"76","Ceradenia warmingii",11896.2171335042,0,0,0,0,1,1,1
"77","Cereus mirabella",3426110.5344492,1475130.92455452,1451338.49028751,0.430555555555556,0.423611111111111,0.120886192030845,0.193244684145876,0.259647461160428
"78","Chamaecrista cipoana",1665470.39869058,1070659.54201538,1546508.22735554,0.642857142857143,0.928571428571429,0.0110546392211529,0.018356423308627,0.0256042953672119
"79","Chamaecrista lagotois",1498923.35882153,1023074.67348136,1463234.70742101,0.682539682539683,0.976190476190476,0.00360810781604626,0.0060062776559634,0.0083986754511397
"80","Chamaecrista stillifera",2414932.07810135,1510819.57595503,2212696.38683178,0.625615763546798,0.916256157635468,0.0130332181603717,0.0216275236906096,0.0301469917603512
"81","Chamaecrista tephrosiifolia",1118244.41054939,630499.508075721,999282.239214351,0.563829787234043,0.893617021276596,0.0167301674938903,0.027727822637446,0.0386024714457536
"82","Chamaecrista ulmea",737565.462277259,392575.165405638,654291.94234273,0.532258064516129,0.887096774193548,0.017809679135419,0.0295062340644481,0.0410634988841149
"83","Chionolaena lychnophorioides",1153933.06194991,832735.199345292,1118244.41054939,0.721649484536082,0.969072164948454,0.00470134336036809,0.00782328660433085,0.0109354372804513
"84","Chresta souzae",3640242.44285228,2771818.59210647,3342837.01451467,0.761437908496732,0.918300653594771,0.0127031894952039,0.0210822048457797,0.0293901089585816
"85","Chromolaena arrayana",1260999.01615144,737565.462277259,1011178.45634785,0.584905660377359,0.80188679245283,0.0325757731468235,0.0537012528412152,0.0743654189981428
"86","Chromolaena costatipes",428263.81680615,237924.342670083,380678.948272134,0.555555555555555,0.888888888888889,0.0175123009308117,0.0290164565853531,0.0403859076553494
"87","Chronopappus bifrons",1153933.06194991,832735.199345292,1118244.41054939,0.721649484536082,0.969072164948454,0.00470134336036809,0.00782328660433085,0.0109354372804513
"88","Chrysolaena nicolackii",321197.862604613,59481.0856675209,214131.908403075,0.185185185185185,0.666666666666667,0.0590071768097505,0.0963979963901551,0.132303073088744
"89","Cinnamomum erythropus",1546508.22735554,1034970.89061486,1487027.14168802,0.669230769230769,0.961538461538462,0.00586583538596108,0.00975726425743462,0.0136334605584959
"90","Cinnamomum quadrangulum",1784432.57002563,1189621.71335042,1701159.0500911,0.666666666666667,0.953333333333333,0.00714296645328483,0.011876575999509,0.0165876172820467
"91","Cipocereus bradei",916008.719279821,582914.639541705,785150.330811276,0.636363636363636,0.857142857142857,0.0228573231920011,0.0378045418042385,0.0525231148465455
"92","Cissus inundata",832735.199345292,392575.165405638,654291.94234273,0.471428571428571,0.785714285714286,0.035527836887506,0.05850902265188,0.0809426188441169
"93","Cleistes aphylla",3699723.5285198,2260281.25536579,3009742.93477656,0.610932475884244,0.813504823151125,0.0304861449881683,0.0502921384740361,0.069693519508071
"94","Comanthera brasiliana",11896.2171335042,11896.2171335042,11896.2171335042,1,1,0,0,0
"95","Comanthera elegans",1605989.31302306,1034970.89061486,1498923.35882153,0.644444444444444,0.933333333333333,0.0102955647915847,0.0171003189138295,0.0238582866652982
"96","Constantia cipoensis",1487027.14168802,1011178.45634785,1451338.49028751,0.68,0.976,0.00363727292423399,0.00605476870288391,0.00846639886083078
"97","Croton leptobotryus",499641.119607175,154650.822735554,166547.039869058,0.30952380952381,0.333333333333333,0.151929782786317,0.240164314348407,0.31921878935155
"98","Cryptanthus caracensis",1475130.92455452,1011178.45634785,1439442.27315401,0.685483870967742,0.975806451612903,0.00366691339357683,0.00610404913428586,0.00853522338410551
"99","Cryptanthus glazioui",1475130.92455452,1011178.45634785,1439442.27315401,0.685483870967742,0.975806451612903,0.00366691339357683,0.00610404913428586,0.00853522338410551
"100","Cryptanthus minarum",107065.954201538,35688.6514005125,107065.954201538,0.333333333333333,1,0,0,0
"101","Cuphea adenophylla",35688.6514005125,23792.4342670083,35688.6514005125,0.666666666666667,1,0,0,0
"102","Cuphea cipoensis",1487027.14168802,1011178.45634785,1451338.49028751,0.68,0.976,0.00363727292423399,0.00605476870288391,0.00846639886083078
"103","Cuphea cuiabensis",2058045.56409622,963593.587813838,1308583.88468546,0.468208092485549,0.635838150289017,0.0656663563000917,0.107030458880672,0.146563321631848
"104","Cuphea rubro-virens",142754.60560205,83273.5199345292,142754.60560205,0.583333333333333,1,0,0,0
"105","Cuphea teleandra",737565.462277259,392575.165405638,654291.94234273,0.532258064516129,0.887096774193548,0.017809679135419,0.0295062340644481,0.0410634988841149
"106","Cyanocephalus caprariifolius",1546508.22735554,499641.119607175,547225.988141192,0.323076923076923,0.353846153846154,0.144298739156649,0.228735006545317,0.304839530629663
"107","Cyanocephalus digitatus",4044713.82539142,2962158.06624254,3675931.09425279,0.732352941176471,0.908823529411765,0.0142383137486228,0.0236177163387851,0.0329078750537031
"108","Cyanocephalus tagetifolius",475848.685340167,404471.382539142,463952.468206663,0.85,0.975,0.0037904691642503,0.00630946320970982,0.00882208778087257
"109","Cyrtopodium caiapoense",3997128.9568574,1820121.22142614,2260281.25536579,0.455357142857143,0.56547619047619,0.0819588495521613,0.132831325866877,0.18088474679924
"110","Cyrtopodium latifolium",820838.982211788,261716.776937092,309301.645471109,0.318840579710145,0.376811594202899,0.136189182159593,0.216514317906925,0.289370078069267
"111","Cyrtopodium linearifolium",3545072.70578424,2712337.50643895,3283355.92884715,0.765100671140939,0.926174496644295,0.0114379763484224,0.0189905193546527,0.0264853614736386
"112","Cyrtopodium triste",820838.982211788,261716.776937092,309301.645471109,0.318840579710145,0.376811594202899,0.136189182159593,0.216514317906925,0.289370078069267
"113","Digitaria neesiana",4425392.77366355,1724951.48435811,1927187.17562768,0.389784946236559,0.435483870967742,0.117233566292736,0.18765031076753,0.252450033895461
"114","Dimerostemma grazielae",5305712.84154286,3259563.49458014,4520562.51073159,0.614349775784753,0.852017937219731,0.0237359195098286,0.0392460371745085,0.054509742260072
"115","Diplusodon aggregatifolius",392575.165405638,214131.908403075,368782.731138629,0.545454545454546,0.939393939393939,0.00933421674468626,0.0155085733257401,0.0216444480294197
"116","Diplusodon ericoides",582914.639541705,368782.731138629,523433.553874184,0.63265306122449,0.897959183673469,0.0160149741018517,0.0265488800362467,0.0369700168010769
"117","Diplusodon glaziovii",71377.3028010251,59481.0856675209,71377.3028010251,0.833333333333333,1,0,0,0
"118","Diplusodon gracilis",107065.954201538,107065.954201538,107065.954201538,1,1,0,0,0
"119","Diplusodon hatschbachii",868423.850745805,642395.725209225,808942.765078284,0.73972602739726,0.931506849315068,0.0105863266026348,0.0175815428921232,0.0245273025667978
"120","Diplusodon minasensis",737565.462277259,535329.771007688,713773.02801025,0.725806451612903,0.967741935483871,0.00490639753945699,0.00816394818703559,0.0114108348767762
"121","Diplusodon orbicularis",1570300.66162255,1142036.8448164,1498923.35882153,0.727272727272727,0.954545454545454,0.00695371261763256,0.0115626368259877,0.0161501701056134
"122","Diplusodon panniculatus",107065.954201538,107065.954201538,83273.5199345292,1,0.777777777777778,0.0369954710563242,0.0608955842462475,0.0842025378057404
"123","Diplusodon retroimbricatus",904112.502146317,380678.948272134,773254.113677771,0.421052631578947,0.855263157894737,0.0231790516868852,0.0383324956151595,0.0532508638488718
"124","Diplusodon villosissimus",797046.54794478,285509.2112041,535329.771007688,0.358208955223881,0.671641791044776,0.0579571521907001,0.0947168691165015,0.130042174867049
"125","Discocactus catingicola",3580761.35718476,2533894.24943639,2807507.24350699,0.707641196013289,0.784053156146179,0.0358339700457219,0.0590070344512563,0.081623150263644
"126","Discocactus horstii",559122.205274696,297405.428337604,511537.33674068,0.531914893617021,0.914893617021277,0.0132535113074078,0.0219914547432228,0.0306520210042899
"127","Discocactus pseudoinsignis",689980.593743242,380678.948272134,618603.290942217,0.551724137931034,0.896551724137931,0.0162464728015578,0.0269305508094508,0.0374985941402396
"128","Disynaphia praeficta",1498923.35882153,999282.239214351,1427546.0560205,0.666666666666667,0.952380952380952,0.00729180943572039,0.0121234525769259,0.0169315794666631
"129","Ditassa auriflora",309301.645471109,142754.60560205,285509.2112041,0.461538461538462,0.923076923076923,0.0119346168544164,0.0198117921386103,0.0276261680458436
"130","Ditassa cipoensis",1665470.39869058,1142036.8448164,1605989.31302306,0.685714285714286,0.964285714285714,0.00544029433269577,0.00905070459585788,0.0126480084942698
"131","Ditassa itambensis",166547.039869058,130858.388468546,166547.039869058,0.785714285714286,1,0,0,0
"132","Dyckia rariflora",1736847.70149161,1165829.27908341,1665470.39869058,0.671232876712329,0.958904109589041,0.00627486018497603,0.01043621065293,0.014580134936295
"133","Echinocoryne echinocephala",4746590.63626817,3021639.15191006,4044713.82539142,0.636591478696742,0.852130325814536,0.0237166039309921,0.0392143557854422,0.0544660926881793
"134","Eduandrea selloana",1522715.79308853,1034970.89061486,1487027.14168802,0.6796875,0.9765625,0.00355115866124267,0.00591158904118672,0.00826642793329158
"135","Encholirium biflorum",1713055.2672246,1153933.06194991,1653574.18155708,0.673611111111111,0.965277777777778,0.00528687996274402,0.00879592907785487,0.0122925993216668
"136","Encholirium disjunctum",249820.559803588,130858.388468546,154650.822735554,0.523809523809524,0.619047619047619,0.0694095129798129,0.112984897270941,0.154519841494602
"137","Encholirium heloisae",1736847.70149161,1177725.49621691,1677366.61582409,0.678082191780822,0.965753424657534,0.00521337265499311,0.00867384607731081,0.0121222818666554
"138","Encholirium luxor",1950979.60989468,1189621.71335042,1403753.62175349,0.609756097560976,0.719512195121951,0.0481780324010932,0.0790001916718718,0.10882425935152
"139","Encholirium pedicellatum",689980.593743242,511537.33674068,666188.159476234,0.741379310344828,0.96551724137931,0.00524986898802571,0.00873446096364527,0.0122068464756936
"140","Encholirium scrutor",154650.822735554,118962.171335042,154650.822735554,0.769230769230769,1,0,0,0
"141","Encholirium vogelii",1487027.14168802,1011178.45634785,1451338.49028751,0.68,0.976,0.00363727292423399,0.00605476870288391,0.00846639886083078
"142","Eremanthus argenteus",3545072.70578424,2712337.50643895,3283355.92884715,0.765100671140939,0.926174496644295,0.0114379763484224,0.0189905193546527,0.0264853614736386
"143","Eriope crassipes_subsp._cristalinae",749461.679410763,321197.862604613,380678.948272134,0.428571428571429,0.507936507936508,0.096618038709769,0.155786374725095,0.211079393170627
"144","Eriope machrisae",3640242.44285228,2748026.15783946,3354733.23164818,0.754901960784314,0.92156862745098,0.0121769580877146,0.0202124413978005,0.0281825597697477
"145","Esenbeckia irwiniana",1427546.0560205,904112.502146317,1320480.10181896,0.633333333333333,0.925,0.0116261194619599,0.0193016758026109,0.0269176249781004
"146","Esterhazya caesarea",1582196.87875606,1094451.97628238,1510819.57595503,0.691729323308271,0.954887218045113,0.00690038849235186,0.0114741741801676,0.0160268949966698
"147","Eugenia blanda",654291.94234273,321197.862604613,571018.4224082,0.490909090909091,0.872727272727273,0.0202127533573283,0.0334604338187559,0.0465289927023006
"148","Euplassa incana",2093734.21549673,1368064.97035298,1843913.65569315,0.653409090909091,0.880681818181818,0.0188783605265983,0.0312655204278443,0.0434962861326466
"149","Evolvulus glaziovii",1058763.32488187,749461.679410763,1023074.67348136,0.707865168539326,0.966292134831461,0.0051301565885834,0.00853563123966905,0.0119294488306115
"150","Evolvulus kramerioides",1296687.66755195,416367.599672646,428263.81680615,0.321100917431193,0.330275229357798,0.153101428305276,0.241913084710803,0.321411335028384
"151","Evolvulus rariflorus",6388268.60069174,3901959.21978937,4853656.5904697,0.610800744878957,0.759776536312849,0.0403720656365613,0.0663771564110298,0.0916775316160866
"152","Evolvulus riedelii",1724951.48435811,166547.039869058,463952.468206663,0.096551724137931,0.268965517241379,0.178789505494821,0.279848033077295,0.368470253445635
"153","Fridericia crassa",963593.587813838,606707.073808713,654291.94234273,0.62962962962963,0.679012345679012,0.0564136481009149,0.0922433948895,0.126712618868116
"154","Froelichiella grisea",166547.039869058,107065.954201538,118962.171335042,0.642857142857143,0.714285714285714,0.0492183426538935,0.0806772847750815,0.111095330669741
"155","Galianthe souzae",107065.954201538,0,47584.8685340167,0,0.444444444444444,0.114532506704444,0.183503419072274,0.247102043028763
"156","Gaylussacia centunculifolia",368782.731138629,273612.994070596,333094.079738117,0.741935483870968,0.903225806451613,0.0151514481972809,0.0251246609832707,0.0349968785724939
"157","Gaylussacia oleifolia",1903394.74136067,1201517.93048392,1843913.65569315,0.63125,0.96875,0.00475098295367515,0.00790575838205965,0.0110505336920484
"158","Gochnatia rotundifolia",452056.251073159,71377.3028010251,142754.60560205,0.157894736842105,0.315789473684211,0.158779887792397,0.250365764556463,0.331980442699718
"159","Gomphrena paranensis",178443.257002563,47584.8685340167,130858.388468546,0.266666666666667,0.733333333333333,0.0454576225325105,0.0746088186190257,0.102869753305592
"160","Gomphrena regeliana",452056.251073159,71377.3028010251,83273.5199345292,0.157894736842105,0.184210526315789,0.22411533824184,0.344868305117608,0.446828170740079
"161","Gouania inornata",1808225.00429263,511537.33674068,547225.988141192,0.282894736842105,0.302631578947368,0.16413308291027,0.258299518525045,0.341857426137221
"162","Goyazia petraea",1832017.43855964,963593.587813838,1284791.45041845,0.525974025974026,0.701298701298701,0.0518316482821474,0.0848848218073182,0.116785760839421
"163","Griffinia aracensis",118962.171335042,35688.6514005125,71377.3028010251,0.3,0.6,0.0737618014548876,0.119888263206607,0.163717637149731
"164","Griffinia nocturna",333094.079738117,261716.776937092,273612.994070596,0.785714285714286,0.821428571428571,0.029075476242607,0.0479879374845266,0.0665320063525024
"165","Grobya cipoensis",1487027.14168802,1011178.45634785,1451338.49028751,0.68,0.976,0.00363727292423399,0.00605476870288391,0.00846639886083078
"166","Gymnopogon doellii",820838.982211788,261716.776937092,309301.645471109,0.318840579710145,0.376811594202899,0.136189182159593,0.216514317906925,0.289370078069267
"167","Habranthus irwinianus",1522715.79308853,1034970.89061486,1475130.92455452,0.6796875,0.96875,0.00475098295367515,0.00790575838205954,0.0110505336920484
"168","Hadrolaelia brevipedunculata",1665470.39869058,1142036.8448164,1605989.31302306,0.685714285714286,0.964285714285714,0.00544029433269577,0.00905070459585788,0.0126480084942698
"169","Hadrolaelia jongheana",963593.587813838,654291.94234273,927904.936413326,0.679012345679012,0.962962962962963,0.00564505565273254,0.00939071126638613,0.0131222572946691
"170","Hemipogon abietoides",95169.7370680334,95169.7370680334,95169.7370680334,1,1,0,0,0
"171","Hemipogon furlanii",3057327.80331057,1344272.53608597,1843913.65569315,0.439688715953307,0.603112840466926,0.0730425777823216,0.118748957602541,0.162201649058874
"172","Hemipogon hatschbachii",1487027.14168802,1011178.45634785,1451338.49028751,0.68,0.976,0.00363727292423399,0.00605476870288391,0.00846639886083078
"173","Hemipogon piranii",1522715.79308853,1034970.89061486,1487027.14168802,0.6796875,0.9765625,0.00355115866124267,0.00591158904118672,0.00826642793329158
"174","Heterocoma albida",1153933.06194991,832735.199345292,1118244.41054939,0.721649484536082,0.969072164948454,0.00470134336036809,0.00782328660433085,0.0109354372804513
"175","Heterocondylus lysimachioides",582914.639541705,47584.8685340167,333094.079738117,0.0816326530612245,0.571428571428571,0.0805157538907636,0.130558256110017,0.177877218432899
"176","Heteropterys aliciae",1427546.0560205,1094451.97628238,1284791.45041845,0.766666666666667,0.9,0.0156798482214928,0.0259962535747033,0.0362045353471665
"177","Heteropterys dusenii",249820.559803588,59481.0856675209,130858.388468546,0.238095238095238,0.523809523809524,0.0924386163443676,0.149266866487648,0.202536734715934
"178","Heteropterys hatschbachii",582914.639541705,226028.125536579,226028.125536579,0.387755102040816,0.387755102040816,0.132471745655228,0.210886669053653,0.282213753893753
"179","Heteropterys marginata",1046867.10774837,392575.165405638,892216.285012813,0.375,0.852272727272727,0.0236921333244186,0.0391742185260663,0.0544107920706101
"180","Hippeastrum goianum",1724951.48435811,547225.988141192,630499.508075721,0.317241379310345,0.36551724137931,0.14012330191228,0.222452432874195,0.296898938548068
"181","Hippeastrum leucobasis",1368064.97035298,475848.685340167,440160.033939654,0.347826086956522,0.321739130434783,0.156421344480582,0.246859554472932,0.327602083128271
"182","Hoffmannseggella briegeri",987386.022080846,737565.462277259,951697.370680334,0.746987951807229,0.963855421686747,0.00550687722247667,0.00916127076721918,0.0128022357704525
"183","Hoffmannseggella caulescens",1498923.35882153,1023074.67348136,1451338.49028751,0.682539682539683,0.968253968253968,0.00482743961001186,0.0080327789648581,0.0112277942806495
"184","Hoffmannseggella ghillanyi",1498923.35882153,1023074.67348136,1463234.70742101,0.682539682539683,0.976190476190476,0.00360810781604626,0.0060062776559634,0.0083986754511397
"185","Huberia pirani",1142036.8448164,773254.113677771,1106348.19341589,0.677083333333333,0.96875,0.00475098295367515,0.00790575838205954,0.0110505336920484
"186","Hypenia aristulata",190339.474136067,83273.5199345292,130858.388468546,0.4375,0.6875,0.0546537508842353,0.0894198565810641,0.122907402060984
"187","Hypenia crispata",190339.474136067,35688.6514005125,190339.474136067,0.1875,1,0,0,0
"188","Hypenia micrantha",95169.7370680334,47584.8685340167,83273.5199345292,0.5,0.875,0.0198304468788473,0.0328317898661653,0.0456606780787604
"189","Hypenia subrosea",4044713.82539142,2962158.06624254,3675931.09425279,0.732352941176471,0.908823529411765,0.0142383137486228,0.0236177163387851,0.0329078750537031
"190","Hyptidendron claussenii",689980.593743242,511537.33674068,666188.159476234,0.741379310344828,0.96551724137931,0.00524986898802571,0.00873446096364527,0.0122068464756936
"191","Hyptidendron conspersum",1915290.95849417,1451338.49028751,1784432.57002563,0.75776397515528,0.93167701863354,0.010559216531456,0.0175366784802191,0.0244649358923795
"192","Hyptis alpestris",749461.679410763,285509.2112041,571018.4224082,0.380952380952381,0.761904761904762,0.0399693398006017,0.0657240445435997,0.090787828835931
"193","Hyptis angustifolia",142754.60560205,35688.6514005125,142754.60560205,0.25,1,0,0,0
"194","Hyptis arenaria",904112.502146317,797046.54794478,808942.765078284,0.881578947368421,0.894736842105263,0.0165454406958558,0.0274233691235856,0.0381809774757619
"195","Hyptis colligata",559122.205274696,404471.382539142,487744.902473671,0.723404255319149,0.872340425531915,0.0202779110618381,0.0335675592918535,0.0466769372676085
"196","Hyptis cruciformis",4044713.82539142,2962158.06624254,3675931.09425279,0.732352941176471,0.908823529411765,0.0142383137486228,0.0236177163387851,0.0329078750537031
"197","Hyptis frondosa",2367347.20956733,1142036.8448164,1641677.96442358,0.482412060301508,0.693467336683417,0.053427459923503,0.0874503507711163,0.120250348440849
"198","Hyptis hamatidens",261716.776937092,118962.171335042,166547.039869058,0.454545454545455,0.636363636363636,0.0655505704774703,0.106846018193131,0.146316526058479
"199","Hyptis imbricatiformis",4044713.82539142,2962158.06624254,3675931.09425279,0.732352941176471,0.908823529411765,0.0142383137486228,0.0236177163387851,0.0329078750537031
"200","Hyptis pachyphylla",1534612.01022204,1034970.89061486,1356168.75321948,0.674418604651163,0.883720930232558,0.0183712463648174,0.0304308573438109,0.0423423122949518
"201","Hyptis penaeoides",3545072.70578424,2712337.50643895,3283355.92884715,0.765100671140939,0.926174496644295,0.0114379763484224,0.0189905193546527,0.0264853614736386
"202","Ichthyothere elliptica",2046149.34696272,761357.896544267,797046.54794478,0.372093023255814,0.38953488372093,0.131875619094307,0.209982723170382,0.281062355329603
"203","Ilex prostrata",1510819.57595503,1034970.89061486,1475130.92455452,0.68503937007874,0.976377952755906,0.00357940672399459,0.00595855717658522,0.00833202693879831
"204","Ipomoea macedoi",344990.296871621,83273.5199345292,249820.559803588,0.241379310344828,0.724137931034483,0.0472626425382757,0.0775234727123062,0.106823158835828
"205","Jacaranda intricata",1641677.96442358,511537.33674068,618603.290942217,0.311594202898551,0.376811594202899,0.136189182159593,0.216514317906925,0.289370078069267
"206","Janusia linearifolia",1082555.75914888,297405.428337604,475848.685340167,0.274725274725275,0.43956043956044,0.115998931699449,0.185755844889387,0.250008209372
"207","Klotzschia rhizophylla",1927187.17562768,1237206.58188443,1843913.65569315,0.641975308641975,0.95679012345679,0.00660378130839567,0.0109820566266812,0.0153410352188446
"208","Lafoensia nummularifolia",820838.982211788,130858.388468546,368782.731138629,0.159420289855072,0.449275362318841,0.113095434596964,0.181293665225536,0.244247815665217
"209","Lagenocarpus bracteosus",1510819.57595503,1034970.89061486,1475130.92455452,0.68503937007874,0.976377952755906,0.00357940672399459,0.00595855717658522,0.00833202693879831
"210","Lapanthus duartei",1713055.2672246,1153933.06194991,1653574.18155708,0.673611111111111,0.965277777777778,0.00528687996274402,0.00879592907785487,0.0122925993216668
"211","Lavoisiera cordata",1891498.52422716,1284791.45041845,1808225.00429263,0.679245283018868,0.955974842767296,0.00673079822460898,0.011192809484308,0.0156347762843118
"212","Leiothrix echinocephala",1344272.53608597,868423.850745805,1237206.58188443,0.646017699115044,0.920353982300885,0.0123723630341795,0.0205354457937834,0.0286310578613511
"213","Lepidaploa spixiana",1487027.14168802,1011178.45634785,1451338.49028751,0.68,0.976,0.00363727292423399,0.00605476870288391,0.00846639886083078
"214","Lessingianthus asteriflorus",749461.679410763,130858.388468546,321197.862604613,0.174603174603175,0.428571428571429,0.119349710490006,0.190893288429779,0.256624702783854
"215","Lessingianthus eitenii",3295252.14598066,939801.15354683,1463234.70742101,0.285198555956679,0.444043321299639,0.114652426468627,0.183687709024408,0.24733994160068
"216","Lessingianthus pumillus",820838.982211788,226028.125536579,392575.165405638,0.27536231884058,0.478260869565217,0.104738873196286,0.16839668422491,0.227528087500944
"217","Lessingianthus rosmarinifolius",1487027.14168802,1011178.45634785,1451338.49028751,0.68,0.976,0.00363727292423399,0.00605476870288391,0.00846639886083078
"218","Lessingianthus souzae",3545072.70578424,2712337.50643895,3283355.92884715,0.765100671140939,0.926174496644295,0.0114379763484224,0.0189905193546527,0.0264853614736386
"219","Lessingianthus stoechas",6507230.77202678,4413496.55653005,5555533.40134645,0.678244972577697,0.853747714808044,0.0234388721627533,0.0387587742749346,0.0538383438630817
"220","Lessingianthus venosissimus",3485591.62011672,1498923.35882153,2248385.03823229,0.430034129692833,0.645051194539249,0.0636480320879859,0.103813193633153,0.142255455822913
"221","Lessingianthus westermanii",130858.388468546,11896.2171335042,83273.5199345292,0.0909090909090909,0.636363636363636,0.0655505704774703,0.106846018193131,0.146316526058479
"222","Lessingianthus zuccarinianus",1617885.53015657,630499.508075721,1225310.36475093,0.389705882352941,0.757352941176471,0.0408318538864325,0.0671225846398527,0.0926926883308026
"223","Leucochloron foederale",2046149.34696272,642395.725209225,666188.159476234,0.313953488372093,0.325581395348837,0.15491783351772,0.244621020839568,0.32480245733665
"224","Lippia rhodocnemis",725669.245143755,535329.771007688,701876.810876746,0.737704918032787,0.967213114754098,0.00498798153792746,0.00829947269000231,0.0115999428961521
"225","Lithobium cordatum",1070659.54201538,630499.508075721,975489.804947342,0.588888888888889,0.911111111111111,0.0138665250998358,0.0230038873063908,0.0320565841099159
"226","Lomatozona artemisiifolia",547225.988141192,130858.388468546,368782.731138629,0.239130434782609,0.673913043478261,0.0574799897026183,0.0939525017609822,0.129013644170624
"227","Lupinus decurrens",618603.290942217,475848.685340167,582914.639541705,0.769230769230769,0.942307692307692,0.00887390548127243,0.0147460513176559,0.0205834063268033
"228","Luxemburgia angustifolia",1713055.2672246,1153933.06194991,1653574.18155708,0.673611111111111,0.965277777777778,0.00528687996274402,0.00879592907785487,0.0122925993216668
"229","Lychnophora gardneri",1023074.67348136,725669.245143755,975489.804947342,0.709302325581395,0.953488372093023,0.00711874816371261,0.0118364042980743,0.0165316445802272
"230","Lychnophora humillima",226028.125536579,190339.474136067,214131.908403075,0.842105263157895,0.947368421052632,0.00807728519058948,0.0134258635132506,0.0187456015949872
"231","Lychnophora martiana",1570300.66162255,868423.850745805,1130140.6276829,0.553030303030303,0.71969696969697,0.0481413714573321,0.0789410679477137,0.108744165494246
"232","Lychnophora mello-barretoi",1344272.53608597,963593.587813838,1296687.66755195,0.716814159292036,0.964601769911504,0.0053914044018748,0.00896951584458028,0.012534755006116
"233","Lychnophora ramosissima",1153933.06194991,832735.199345292,1118244.41054939,0.721649484536082,0.969072164948454,0.00470134336036809,0.00782328660433085,0.0109354372804513
"234","Lychnophora reticulata",47584.8685340167,11896.2171335042,23792.4342670083,0.25,0.5,0.0987495373891698,0.159103584746285,0.215415902103249
"235","Lychnophora sellowii",2486309.38090237,1510819.57595503,2307866.12389981,0.607655502392344,0.928229665071771,0.0111092454093694,0.0184467599935838,0.0257298306263064
"236","Lychnophora souzae",689980.593743242,511537.33674068,666188.159476234,0.741379310344828,0.96551724137931,0.00524986898802571,0.00873446096364527,0.0122068464756936
"237","Lychnophora syncephala",118962.171335042,95169.7370680334,118962.171335042,0.8,1,0,0,0
"238","Lychnophora villosissima",1225310.36475093,844631.416478796,1189621.71335042,0.689320388349514,0.970873786407767,0.0044240054659932,0.0073624638548605,0.0102922493370381
"239","Lychnophoriopsis damazioi",1487027.14168802,1011178.45634785,1451338.49028751,0.68,0.976,0.00363727292423399,0.00605476870288391,0.00846639886083078
"240","Lychnophoriopsis hatschbachii",1023074.67348136,725669.245143755,975489.804947342,0.709302325581395,0.953488372093023,0.00711874816371261,0.0118364042980743,0.0165316445802272
"241","Manihot procumbens",1165829.27908341,118962.171335042,297405.428337604,0.102040816326531,0.255102040816327,0.185282415655237,0.289312816862366,0.380059689417023
"242","Marcetia hatschbachii",1082555.75914888,606707.073808713,963593.587813838,0.56043956043956,0.89010989010989,0.0173099833586762,0.0286831860563072,0.0399247605320056
"243","Marcetia semiriana",1570300.66162255,1070659.54201538,1510819.57595503,0.681818181818182,0.962121212121212,0.00577548282274165,0.00960726156650926,0.0134242724906471
"244","Maytenus rupestris",1522715.79308853,1046867.10774837,1487027.14168802,0.6875,0.9765625,0.00355115866124267,0.00591158904118672,0.00826642793329158
"245","Merremia repens",1165829.27908341,844631.416478796,1130140.6276829,0.724489795918367,0.969387755102041,0.00465273041878589,0.00774251785960955,0.0108227138877461
"246","Miconia angelana",463952.468206663,237924.342670083,416367.599672646,0.512820512820513,0.897435897435897,0.0161010080892727,0.0266907308407354,0.0371664762135495
"247","Miconia cipoensis",1665470.39869058,1142036.8448164,1605989.31302306,0.685714285714286,0.964285714285714,0.00544029433269577,0.00905070459585788,0.0126480084942698
"248","Micranthocereus albicephalus",261716.776937092,107065.954201538,107065.954201538,0.409090909090909,0.409090909090909,0.125473499519893,0.200248695489134,0.268630340286205
"249","Micranthocereus auriazureus",689980.593743242,380678.948272134,618603.290942217,0.551724137931034,0.896551724137931,0.0162464728015578,0.0269305508094508,0.0374985941402396
"250","Micranthocereus violaciflorus",571018.4224082,309301.645471109,523433.553874184,0.541666666666667,0.916666666666667,0.0129669023738636,0.021517957366443,0.0299949312145685
"251","Microlicia canastrensis",1475130.92455452,475848.685340167,987386.022080846,0.32258064516129,0.669354838709677,0.0584390008623745,0.0954884813953214,0.131080102045565
"252","Microlicia flava",428263.81680615,237924.342670083,380678.948272134,0.555555555555555,0.888888888888889,0.0175123009308117,0.0290164565853531,0.0403859076553494
"253","Microlicia glazioviana",1475130.92455452,1011178.45634785,1439442.27315401,0.685483870967742,0.975806451612903,0.00366691339357683,0.00610404913428586,0.00853522338410551
"254","Microlicia humilis",392575.165405638,23792.4342670083,166547.039869058,0.0606060606060606,0.424242424242424,0.120689793185077,0.192944272507202,0.259261473106017
"255","Microlicia macedoi",6293098.86362371,2498205.59803588,3390421.88304869,0.396975425330813,0.53875236294896,0.0886013557849562,0.143263446302999,0.194647120555263
"256","Microlicia obtusifolia",1713055.2672246,1153933.06194991,1653574.18155708,0.673611111111111,0.965277777777778,0.00528687996274402,0.00879592907785487,0.0122925993216668
"257","Microlicia psammophila",3545072.70578424,2712337.50643895,3283355.92884715,0.765100671140939,0.926174496644295,0.0114379763484224,0.0189905193546527,0.0264853614736386
"258","Microtea papilosa",47584.8685340167,47584.8685340167,47584.8685340167,1,1,0,0,0
"259","Mikania cipoensis",2426828.29523485,1498923.35882153,2248385.03823229,0.617647058823529,0.926470588235294,0.0113905773202271,0.0189121232633532,0.0263764437217969
"260","Mikania glauca",2200800.16969827,1356168.75321948,2046149.34696272,0.616216216216216,0.92972972972973,0.0108696954933195,0.0180504405471662,0.0251790558671514
"261","Mikania itambana",1903394.74136067,1237206.58188443,1820121.22142614,0.65,0.95625,0.00668791972521077,0.0111216653296538,0.0155356204770235
"262","Mikania premnifolia",3057327.80331057,1713055.2672246,2403035.86096784,0.560311284046693,0.785992217898833,0.0354766698977748,0.0584257748525476,0.0808288469620918
"263","Mimosa acroconica",118962.171335042,83273.5199345292,95169.7370680334,0.7,0.8,0.0329175589317003,0.0542583909968242,0.0751282899812804
"264","Mimosa adamantina",701876.810876746,523433.553874184,678084.376609738,0.745762711864407,0.966101694915254,0.00515956986757971,0.00858448508537946,0.0119976094230602
"265","Mimosa barretoi",1748743.91862511,1165829.27908341,1665470.39869058,0.666666666666667,0.952380952380952,0.00729180943572039,0.0121234525769259,0.016931579466663
"266","Mimosa bombycina",3366629.44878168,1832017.43855964,2807507.24350699,0.544169611307421,0.833922261484099,0.0268745401971318,0.0443884463667783,0.0615871445576085
"267","Mimosa chrysastra",107065.954201538,83273.5199345292,107065.954201538,0.777777777777778,1,0,0,0
"268","Mimosa heringeri",1189621.71335042,511537.33674068,618603.290942217,0.43,0.52,0.0934317573114185,0.15081789050122,0.204571458454993
"269","Mimosa leprosa",1784432.57002563,1189621.71335042,1701159.0500911,0.666666666666667,0.953333333333333,0.00714296645328483,0.011876575999509,0.0165876172820467
"270","Mimosa lithoreas",452056.251073159,83273.5199345292,83273.5199345292,0.184210526315789,0.184210526315789,0.22411533824184,0.344868305117608,0.446828170740079
"271","Mimosa macedoana",2046149.34696272,1296687.66755195,1974772.04416169,0.633720930232558,0.965116279069767,0.00531184525948092,0.00883739077543044,0.0123504404441881
"272","Mimosa montis-carasae",689980.593743242,511537.33674068,666188.159476234,0.741379310344828,0.96551724137931,0.00524986898802571,0.00873446096364527,0.0122068464756936
"273","Mimosa paucifolia",1950979.60989468,749461.679410763,1094451.97628238,0.384146341463415,0.560975609756098,0.083058567736275,0.134561931516927,0.183172420804851
"274","Mimosa suburbana",154650.822735554,47584.8685340167,35688.6514005125,0.307692307692308,0.230769230769231,0.197441524783358,0.306902271382122,0.401433694553426
"275","Mimosa uniceps",701876.810876746,523433.553874184,678084.376609738,0.745762711864407,0.966101694915254,0.00515956986757971,0.00858448508537946,0.0119976094230602
"276","Minaria bifurcata",773254.113677771,547225.988141192,761357.896544267,0.707692307692308,0.984615384615385,0.00232292580280236,0.0038685444612907,0.0054117686204973
"277","Minaria diamantinensis",773254.113677771,547225.988141192,761357.896544267,0.707692307692308,0.984615384615385,0.00232292580280236,0.0038685444612907,0.0054117686204973
"278","Minaria grazielae",1023074.67348136,725669.245143755,975489.804947342,0.709302325581395,0.953488372093023,0.00711874816371261,0.0118364042980743,0.0165316445802272
"279","Minaria hemipogonoides",1165829.27908341,844631.416478796,1130140.6276829,0.724489795918367,0.969387755102041,0.00465273041878589,0.00774251785960955,0.0108227138877461
"280","Minaria inconspicua",868423.850745805,666188.159476234,832735.199345292,0.767123287671233,0.958904109589041,0.00627486018497603,0.01043621065293,0.014580134936295
"281","Minaria magisteriana",214131.908403075,166547.039869058,202235.691269571,0.777777777777778,0.944444444444444,0.00853711219517084,0.0141879916497517,0.0198066637075627
"282","Minaria polygaloides",1201517.93048392,868423.850745805,1165829.27908341,0.722772277227723,0.97029702970297,0.00451274256504819,0.00750991812390966,0.0104980698994293
"283","Minaria refractifolia",1106348.19341589,808942.765078284,1058763.32488187,0.731182795698925,0.956989247311828,0.00657277272261414,0.0109306028927521,0.0152693167317985
"284","Minaria semirii",1344272.53608597,963593.587813838,1296687.66755195,0.716814159292036,0.964601769911504,0.0053914044018748,0.00896951584458028,0.012534755006116
"285","Minasia alpestris",1142036.8448164,773254.113677771,1106348.19341589,0.677083333333333,0.96875,0.00475098295367515,0.00790575838205954,0.0110505336920484
"286","Minasia pereirae",1522715.79308853,927904.936413326,1403753.62175349,0.609375,0.921875,0.0121277052535503,0.0201310197360179,0.0280694948226994
"287","Mitracarpus eritrichoides",654291.94234273,190339.474136067,440160.033939654,0.290909090909091,0.672727272727273,0.0577289348737995,0.0943513196251405,0.129550335757287
"288","Moquiniastrum hatschbachii",1891498.52422716,1284791.45041845,1808225.00429263,0.679245283018868,0.955974842767296,0.00673079822460898,0.011192809484308,0.0156347762843118
"289","Ocellochloa brachystachya",107065.954201538,71377.3028010251,95169.7370680334,0.666666666666667,0.888888888888889,0.0175123009308117,0.0290164565853531,0.0403859076553494
"290","Oocephalus piranii",214131.908403075,178443.257002563,214131.908403075,0.833333333333333,1,0,0,0
"291","Orthophytum humile",737565.462277259,392575.165405638,654291.94234273,0.532258064516129,0.887096774193548,0.017809679135419,0.0295062340644481,0.0410634988841149
"292","Ossaea warmingiana",1498923.35882153,463952.468206663,523433.553874184,0.30952380952381,0.349206349206349,0.145991251375437,0.231275836020957,0.3080435753884
"293","Ouratea hatschbachii",737565.462277259,392575.165405638,654291.94234273,0.532258064516129,0.887096774193548,0.017809679135419,0.0295062340644481,0.0410634988841149
"294","Oxalis diamantinae",689980.593743242,511537.33674068,666188.159476234,0.741379310344828,0.96551724137931,0.00524986898802571,0.00873446096364527,0.0122068464756936
"295","Oxypetalum ekblomii",1201517.93048392,535329.771007688,916008.719279821,0.445544554455446,0.762376237623762,0.0398802514707879,0.065579542806164,0.0905909474730778
"296","Paepalanthus ater",142754.60560205,118962.171335042,130858.388468546,0.833333333333333,0.916666666666667,0.0129669023738636,0.021517957366443,0.0299949312145685
"297","Pavonia grazielae",1082555.75914888,606707.073808713,963593.587813838,0.56043956043956,0.89010989010989,0.0173099833586762,0.0286831860563072,0.0399247605320056
"298","Pecluma hoehnii",761357.896544267,178443.257002563,202235.691269571,0.234375,0.265625,0.180327542746126,0.282094572243525,0.371226642250615
"299","Peixotoa andersonii",107065.954201538,95169.7370680334,107065.954201538,0.888888888888889,1,0,0,0
"300","Peixotoa bahiana",2783714.80923998,1582196.87875606,1713055.2672246,0.568376068376068,0.615384615384615,0.0702375656172818,0.114299971461705,0.156274214204457
"301","Peixotoa barnebyi",1189621.71335042,808942.765078284,1165829.27908341,0.68,0.98,0.00302581905177679,0.00503794360731202,0.00704600722997217
"302","Peixotoa cipoana",1605989.31302306,1082555.75914888,1558404.44448905,0.674074074074074,0.97037037037037,0.00450145622400588,0.00749116411878281,0.0104718932427197
"303","Peixotoa psilophylla",999282.239214351,547225.988141192,523433.553874184,0.547619047619048,0.523809523809524,0.0924386163443676,0.149266866487648,0.202536734715934
"304","Pellaea cymbiformis",118962.171335042,95169.7370680334,118962.171335042,0.8,1,0,0,0
"305","Pellaea gleichenioides",1011178.45634785,737565.462277259,987386.022080846,0.729411764705882,0.976470588235294,0.00356522673703008,0.00593498018232452,0.00829909780323568
"306","Persea pedunculosa",142754.60560205,83273.5199345292,107065.954201538,0.583333333333333,0.75,0.0422344991374968,0.0693951408979004,0.095785551886604
"307","Pfaffia argyrea",214131.908403075,178443.257002563,214131.908403075,0.833333333333333,1,0,0,0
"308","Pfaffia minarum",594810.856675209,285509.2112041,428263.81680615,0.48,0.72,0.048081264825322,0.0788441296806186,0.108612840498248
"309","Phragmipedium vittatum",2403035.86096784,1582196.87875606,1772536.35289212,0.658415841584158,0.737623762376238,0.044622003269843,0.0732582581514961,0.101036177278659
"310","Pilosocereus aurisetus_subsp._aurilanatus",178443.257002563,83273.5199345292,166547.039869058,0.466666666666667,0.933333333333333,0.0102955647915847,0.0171003189138293,0.0238582866652982
"311","Piptolepis buxoides",1487027.14168802,1011178.45634785,1451338.49028751,0.68,0.976,0.00363727292423399,0.00605476870288391,0.00846639886083078
"312","Piptolepis imbricata",71377.3028010251,59481.0856675209,71377.3028010251,0.833333333333333,1,0,0,0
"313","Piptolepis leptospermoides",618603.290942217,475848.685340167,582914.639541705,0.769230769230769,0.942307692307692,0.00887390548127243,0.0147460513176559,0.0205834063268033
"314","Pitcairnia bradei",737565.462277259,392575.165405638,654291.94234273,0.532258064516129,0.887096774193548,0.017809679135419,0.0295062340644481,0.0410634988841149
"315","Podocarpus barretoi",499641.119607175,404471.382539142,475848.685340167,0.809523809523809,0.952380952380952,0.00729180943572039,0.0121234525769259,0.0169315794666631
"316","Podocarpus brasiliensis",1403753.62175349,737565.462277259,856527.633612301,0.525423728813559,0.610169491525424,0.0714237462466315,0.116182447625675,0.158783715685655
"317","Polygala franchetii",916008.719279821,273612.994070596,392575.165405638,0.298701298701299,0.428571428571429,0.119349710490006,0.190893288429779,0.256624702783854
"318","Pombalia strigoides",1272895.23328495,1142036.8448164,1225310.36475093,0.897196261682243,0.962616822429907,0.00569867751920117,0.00947974279460584,0.0132464296775719
"319","Pseudolaelia cipoensis",1498923.35882153,1023074.67348136,1463234.70742101,0.682539682539683,0.976190476190476,0.00360810781604626,0.0060062776559634,0.0083986754511397
"320","Pseudolycopodiella benjaminiana",4020921.39112441,1939083.39276118,3081120.23757758,0.482248520710059,0.766272189349112,0.0391458735860521,0.0643880375044922,0.0889670759580259
"321","Pseudotrimezia brevistamina",1487027.14168802,1011178.45634785,1451338.49028751,0.68,0.976,0.00363727292423399,0.00605476870288391,0.00846639886083078
"322","Pseudotrimezia concava",654291.94234273,321197.862604613,571018.4224082,0.490909090909091,0.872727272727273,0.0202127533573283,0.0334604338187559,0.0465289927023006
"323","Pseudotrimezia gracilis",1498923.35882153,1023074.67348136,1463234.70742101,0.682539682539683,0.976190476190476,0.00360810781604626,0.0060062776559634,0.0083986754511397
"324","Pseudotrimezia synandra",832735.199345292,618603.290942217,808942.765078284,0.742857142857143,0.971428571428571,0.00433869109768259,0.00722068886929239,0.0100943445359302
"325","Pseudotrimezia tenuissima",1344272.53608597,832735.199345292,1237206.58188443,0.619469026548673,0.920353982300885,0.0123723630341795,0.0205354457937834,0.0286310578613511
"326","Richterago angustifolia",2807507.24350699,1713055.2672246,2629063.98650442,0.610169491525424,0.936440677966102,0.0098020095805057,0.0162832468694414,0.0227220618981808
"327","Richterago arenaria",2426828.29523485,1498923.35882153,2248385.03823229,0.617647058823529,0.926470588235294,0.0113905773202271,0.0189121232633532,0.0263764437217969
"328","Richterago lanata",1498923.35882153,1023074.67348136,1463234.70742101,0.682539682539683,0.976190476190476,0.00360810781604626,0.0060062776559634,0.0083986754511397
"329","Richterago riparia",1939083.39276118,1237206.58188443,1772536.35289212,0.638036809815951,0.914110429447853,0.0133802619290317,0.0222008261210992,0.030942532826676
"330","Richterago stenophylla",1510819.57595503,1034970.89061486,1475130.92455452,0.68503937007874,0.976377952755906,0.00357940672399459,0.00595855717658522,0.00833202693879831
"331","Schefflera gardneri",630499.508075721,297405.428337604,535329.771007688,0.471698113207547,0.849056603773585,0.0242456487754937,0.040081943470732,0.0556612183234663
"332","Schefflera glaziovii",1617885.53015657,1082555.75914888,1582196.87875606,0.669117647058824,0.977941176470588,0.003340272462935,0.00556091990171115,0.00777661953843301
"333","Schinopsis balansae",1510819.57595503,808942.765078284,844631.416478796,0.535433070866142,0.559055118110236,0.0835301245943151,0.135303587925615,0.184152250805474
"334","Scuticaria irwiniana",1475130.92455452,1011178.45634785,1439442.27315401,0.685483870967742,0.975806451612903,0.00366691339357683,0.00610404913428586,0.00853522338410551
"335","Scuticaria itirapinensis",130858.388468546,11896.2171335042,59481.0856675209,0.0909090909090909,0.454545454545455,0.111542622692445,0.178903256331361,0.241156773883305
"336","Senaea coerulea",689980.593743242,511537.33674068,666188.159476234,0.741379310344828,0.96551724137931,0.00524986898802571,0.00873446096364527,0.0122068464756936
"337","Simaba salubris",1213414.14761743,285509.2112041,904112.502146317,0.235294117647059,0.745098039215686,0.0431761037784389,0.0709194782979874,0.0978584259707865
"338","Simaba suaveolens",59481.0856675209,23792.4342670083,59481.0856675209,0.4,1,0,0,0
"339","Simaba warmingiana",951697.370680334,309301.645471109,535329.771007688,0.325,0.5625,0.0826852453575982,0.133974596215561,0.182396231822987
"340","Sinningia araneosa",226028.125536579,59481.0856675209,71377.3028010251,0.263157894736842,0.315789473684211,0.158779887792397,0.250365764556463,0.331980442699718
"341","Sphaerorrhiza burchellii",249820.559803588,59481.0856675209,71377.3028010251,0.238095238095238,0.285714285714286,0.17131439783068,0.268889554290975,0.354975539063808
"342","Spigelia aceifolia",2426828.29523485,1498923.35882153,2248385.03823229,0.617647058823529,0.926470588235294,0.0113905773202271,0.0189121232633532,0.0263764437217969
"343","Spigelia cipoensis",154650.822735554,118962.171335042,142754.60560205,0.769230769230769,0.923076923076923,0.0119346168544164,0.0198117921386103,0.0276261680458436
"344","Sporobolus apiculatus",4437288.99079706,1165829.27908341,1320480.10181896,0.262734584450402,0.297587131367292,0.166237953057065,0.261409807079869,0.345718031807781
"345","Staurogyne elegans",1510819.57595503,1023074.67348136,1475130.92455452,0.677165354330709,0.976377952755906,0.00357940672399459,0.00595855717658522,0.00833202693879831
"346","Stenandrium hatschbachii",820838.982211788,440160.033939654,701876.810876746,0.536231884057971,0.855072463768116,0.0232117243800257,0.038386104752385,0.0533247515216368
"347","Stenandrium stenophyllum",214131.908403075,178443.257002563,214131.908403075,0.833333333333333,1,0,0,0
"348","Stevia hilarii",428263.81680615,237924.342670083,380678.948272134,0.555555555555555,0.888888888888889,0.0175123009308117,0.0290164565853531,0.0403859076553494
"349","Stevia leptophylla",475848.685340167,83273.5199345292,297405.428337604,0.175,0.625,0.0680727678032778,0.110860294980539,0.151683320618737
"350","Stigmaphyllon harleyi",59481.0856675209,23792.4342670083,35688.6514005125,0.4,0.6,0.0737618014548876,0.119888263206607,0.163717637149731
"351","Strophopappus ferrugineus",3033535.36904356,1011178.45634785,1046867.10774837,0.333333333333333,0.345098039215686,0.147505916139848,0.233546833252019,0.310903772894245
"352","Svitramia integerrima",285509.2112041,107065.954201538,237924.342670083,0.375,0.833333333333333,0.026977656474902,0.0445572077956332,0.0618191501460312
"353","Svitramia minor",463952.468206663,237924.342670083,416367.599672646,0.512820512820513,0.897435897435897,0.0161010080892727,0.0266907308407354,0.0371664762135495
"354","Svitramia wurdackiana",535329.771007688,249820.559803588,463952.468206663,0.466666666666667,0.866666666666667,0.0212363902583886,0.0351428415297617,0.0488517074137762
"355","Syagrus glaucescens",844631.416478796,594810.856675209,785150.330811276,0.704225352112676,0.929577464788732,0.0108939961604967,0.0180906473057499,0.0252349362294562
"356","Syagrus mendanhensis",701876.810876746,523433.553874184,678084.376609738,0.745762711864407,0.966101694915254,0.00515956986757971,0.00858448508537946,0.0119976094230602
"357","Symphyopappus uncinatus",832735.199345292,618603.290942217,808942.765078284,0.742857142857143,0.971428571428571,0.00433869109768259,0.00722068886929239,0.0100943445359302
"358","Talisia subalbens",3580761.35718476,1796328.78715913,2926469.41484203,0.501661129568106,0.817275747508306,0.0298133558282133,0.0491934762612144,0.0681864659598831
"359","Thryallis laburnum",1058763.32488187,463952.468206663,475848.685340167,0.438202247191011,0.449438202247191,0.113047223217334,0.181219490245407,0.244151954080569
"360","Thryallis parviflora",1594093.09588956,487744.902473671,535329.771007688,0.305970149253731,0.335820895522388,0.150983447612644,0.238750660450407,0.317444924559845
"361","Tibouchina bergiana",463952.468206663,237924.342670083,416367.599672646,0.512820512820513,0.897435897435897,0.0161010080892727,0.0266907308407354,0.0371664762135495
"362","Trembleya calycina",1475130.92455452,1011178.45634785,1439442.27315401,0.685483870967742,0.975806451612903,0.00366691339357683,0.00610404913428586,0.00853522338410551
"363","Trembleya chamissoana",1260999.01615144,916008.719279821,1213414.14761743,0.726415094339623,0.962264150943396,0.00575332797769113,0.00957047886089046,0.0133729747884584
"364","Trembleya pityoides",1153933.06194991,832735.199345292,1118244.41054939,0.721649484536082,0.969072164948454,0.00470134336036809,0.00782328660433085,0.0109354372804513
"365","Trimezia exillima",939801.15354683,678084.376609738,904112.502146317,0.721518987341772,0.962025316455696,0.0057903477679524,0.00963194086876573,0.0134586901813307
"366","Trimezia fistulosa",1201517.93048392,868423.850745805,1165829.27908341,0.722772277227723,0.97029702970297,0.00451274256504819,0.00750991812390966,0.0104980698994293
"367","Trimezia fistulosa_var._longifolia",1498923.35882153,1023074.67348136,1463234.70742101,0.682539682539683,0.976190476190476,0.00360810781604626,0.0060062776559634,0.0083986754511397
"368","Triraphis devia",3545072.70578424,2712337.50643895,3283355.92884715,0.765100671140939,0.926174496644295,0.0114379763484224,0.0189905193546527,0.0264853614736386
"369","Uebelmannia buiningii",214131.908403075,95169.7370680334,142754.60560205,0.444444444444444,0.666666666666667,0.0590071768097505,0.0963979963901551,0.132303073088744
"370","Uebelmannia gummifera",226028.125536579,107065.954201538,154650.822735554,0.473684210526316,0.684210526315789,0.0553336128187015,0.0905110270770123,0.12437850748916
"371","Vellozia alata",1546508.22735554,1046867.10774837,1510819.57595503,0.676923076923077,0.976923076923077,0.00349597938370405,0.00581983973679401,0.00813828081727808
"372","Vellozia armata",107065.954201538,71377.3028010251,107065.954201538,0.666666666666667,1,0,0,0
"373","Vellozia barbata",142754.60560205,95169.7370680334,142754.60560205,0.666666666666667,1,0,0,0
"374","Vellozia gigantea",285509.2112041,178443.257002563,285509.2112041,0.625,1,0,0,0
"375","Vellozia glabra",2010460.69556221,1225310.36475093,1939083.39276118,0.609467455621302,0.964497041420118,0.00540760310704091,0.00899641641555704,0.0125722801167729
"376","Vellozia hatschbachii",939801.15354683,678084.376609738,916008.719279821,0.721518987341772,0.974683544303797,0.00383897680678713,0.00639010354608405,0.00893469695644278
"377","Vellozia lilacina",1498923.35882153,1023074.67348136,1463234.70742101,0.682539682539683,0.976190476190476,0.00360810781604626,0.0060062776559634,0.0083986754511397
"378","Vellozia metzgerae",1736847.70149161,1177725.49621691,1677366.61582409,0.678082191780822,0.965753424657534,0.00521337265499311,0.00867384607731081,0.0121222818666554
"379","Vellozia nuda",202235.691269571,154650.822735554,190339.474136067,0.764705882352941,0.941176470588235,0.0090524706935956,0.0150418789890954,0.0209950865669291
"380","Vellozia patens",1713055.2672246,1153933.06194991,1629781.74729007,0.673611111111111,0.951388888888889,0.00744698880341843,0.0123808126475897,0.017290111234721
"381","Vellozia sessilis",1249102.79901794,1118244.41054939,1225310.36475093,0.895238095238095,0.980952380952381,0.00288054752773492,0.00479630131714992,0.00670837439150862
"382","Vellozia streptophylla",95169.7370680334,95169.7370680334,95169.7370680334,1,1,0,0,0
"383","Vochysia pygmaea",2046149.34696272,1368064.97035298,1903394.74136067,0.668604651162791,0.930232558139535,0.0107894708022889,0.0179176998128802,0.0249945629642052
"384","Vriesea diamantinensis",237924.342670083,202235.691269571,237924.342670083,0.85,1,0,0,0
"385","Vriesea saxicola",463952.468206663,118962.171335042,321197.862604613,0.256410256410256,0.692307692307692,0.053665063426669,0.087832090929612,0.120765532179664
"386","Wedelia macedoi",249820.559803588,47584.8685340167,190339.474136067,0.19047619047619,0.761904761904762,0.0399693398006017,0.0657240445435998,0.090787828835931
"387","Wunderlichia senae",927904.936413326,713773.02801025,904112.502146317,0.769230769230769,0.974358974358974,0.00388874214314983,0.00647283198412274,0.00905021823626118
"388","Xyris aurea",1713055.2672246,1153933.06194991,1653574.18155708,0.673611111111111,0.965277777777778,0.00528687996274402,0.00879592907785487,0.0122925993216668
"389","Xyris blepharophylla",1736847.70149161,1165829.27908341,1677366.61582409,0.671232876712329,0.965753424657534,0.00521337265499311,0.00867384607731081,0.0121222818666554
"390","Xyris cipoensis",1522715.79308853,1034970.89061486,1487027.14168802,0.6796875,0.9765625,0.00355115866124267,0.00591158904118672,0.00826642793329158
"391","Xyris coutensis",166547.039869058,118962.171335042,166547.039869058,0.714285714285714,1,0,0,0
"392","Xyris dardanoi",1498923.35882153,1023074.67348136,1463234.70742101,0.682539682539683,0.976190476190476,0.00360810781604626,0.0060062776559634,0.0083986754511397
"393","Xyris nigricans",154650.822735554,118962.171335042,142754.60560205,0.769230769230769,0.923076923076923,0.0119346168544164,0.0198117921386103,0.0276261680458436
"394","Xyris obtusiuscula",1510819.57595503,1034970.89061486,1475130.92455452,0.68503937007874,0.976377952755906,0.00357940672399459,0.00595855717658522,0.00833202693879831
"395","Xyris platystachya",844631.416478796,630499.508075721,808942.765078284,0.746478873239437,0.957746478873239,0.00645490280888361,0.0107350070604002,0.0149966730020146
"396","Xyris tortilis",1487027.14168802,1011178.45634785,1451338.49028751,0.68,0.976,0.00363727292423399,0.00605476870288391,0.00846639886083078
"397","Xyris uninervis",214131.908403075,0,107065.954201538,0,0.5,0.0987495373891698,0.159103584746285,0.215415902103249
